-- phpMyAdmin SQL Dump
-- version 5.2.0
-- https://www.phpmyadmin.net/
--
-- Host: localhost:3306
-- Generation Time: Jan 28, 2026 at 02:42 AM
-- Server version: 8.0.30
-- PHP Version: 8.3.13

SET SQL_MODE = "NO_AUTO_VALUE_ON_ZERO";
START TRANSACTION;
SET time_zone = "+00:00";


/*!40101 SET @OLD_CHARACTER_SET_CLIENT=@@CHARACTER_SET_CLIENT */;
/*!40101 SET @OLD_CHARACTER_SET_RESULTS=@@CHARACTER_SET_RESULTS */;
/*!40101 SET @OLD_COLLATION_CONNECTION=@@COLLATION_CONNECTION */;
/*!40101 SET NAMES utf8mb4 */;

--
-- Database: `kinerja_pengawas`
--

-- --------------------------------------------------------

--
-- Table structure for table `jenis_kegiatan`
--

CREATE TABLE `jenis_kegiatan` (
  `id` int NOT NULL,
  `nama_kegiatan` varchar(255) NOT NULL,
  `poin_kredit` float DEFAULT '0',
  `target_role` enum('pengawas','pendamping','all') NOT NULL DEFAULT 'pengawas'
) ENGINE=InnoDB DEFAULT CHARSET=utf8mb4 COLLATE=utf8mb4_0900_ai_ci;

--
-- Dumping data for table `jenis_kegiatan`
--

INSERT INTO `jenis_kegiatan` (`id`, `nama_kegiatan`, `poin_kredit`, `target_role`) VALUES
(1, 'Pemantauan 8 Standar Nasional Pendidikan', 2, 'pengawas'),
(2, 'Penilaian Kinerja Guru (PKG)', 3, 'pengawas'),
(3, 'Pembimbingan dan Pelatihan Guru', 2.5, 'pengawas'),
(4, 'Penyusunan Program Pengawasan', 1, 'pengawas'),
(5, 'Laporan Hasil Pengawasan', 1.5, 'pengawas'),
(6, 'Pendampingan Individu', 1, 'pendamping'),
(7, 'Pendampingan Kelompok', 2, 'pendamping'),
(8, 'Lokakarya', 3, 'pendamping');

-- --------------------------------------------------------

--
-- Table structure for table `kinerja`
--

CREATE TABLE `kinerja` (
  `id` int NOT NULL,
  `user_id` int NOT NULL,
  `tanggal_kegiatan` date NOT NULL,
  `jenis_kegiatan_id` int DEFAULT NULL,
  `madrasah_id` int DEFAULT NULL,
  `deskripsi` text NOT NULL,
  `file_bukti` varchar(255) DEFAULT NULL,
  `status` enum('pending','disetujui','ditolak') NOT NULL DEFAULT 'pending',
  `catatan_validasi` text,
  `tanggal_validasi` datetime DEFAULT NULL,
  `validator_id` int DEFAULT NULL,
  `created_at` timestamp NOT NULL DEFAULT CURRENT_TIMESTAMP,
  `foto_timestamp` datetime DEFAULT NULL COMMENT 'Waktu asli foto diambil dari EXIF',
  `foto_gps_lat` decimal(10,8) DEFAULT NULL COMMENT 'GPS Latitude',
  `foto_gps_lng` decimal(11,8) DEFAULT NULL COMMENT 'GPS Longitude',
  `foto_metadata` text COMMENT 'JSON metadata lengkap EXIF'
) ENGINE=InnoDB DEFAULT CHARSET=utf8mb4 COLLATE=utf8mb4_0900_ai_ci;

--
-- Dumping data for table `kinerja`
--

INSERT INTO `kinerja` (`id`, `user_id`, `tanggal_kegiatan`, `jenis_kegiatan_id`, `madrasah_id`, `deskripsi`, `file_bukti`, `status`, `catatan_validasi`, `tanggal_validasi`, `validator_id`, `created_at`, `foto_timestamp`, `foto_gps_lat`, `foto_gps_lng`, `foto_metadata`) VALUES
(1, 2, '2026-01-21', 5, 1, 'memanusiakan manusia', '1768961108_2.jpeg', 'disetujui', '', '2026-01-21 02:17:31', 1, '2026-01-21 02:05:08', NULL, NULL, NULL, NULL),
(2, 28, '2026-01-21', 2, 1, 'laporan pengawas', '1768962386_28.png', 'disetujui', '', '2026-01-21 02:36:15', 1, '2026-01-21 02:16:50', NULL, NULL, NULL, NULL),
(3, 9, '2026-01-20', 3, 1, 'aserehe', '1768963271_9.png', 'disetujui', '', '2026-01-21 02:42:43', 1, '2026-01-21 02:41:11', NULL, NULL, NULL, NULL),
(4, 27, '2026-01-20', 1, 1, 'asdasdasd', '1768963326_27.png', 'disetujui', '', '2026-01-21 02:50:27', 3, '2026-01-21 02:42:06', NULL, NULL, NULL, NULL),
(5, 2, '2026-01-20', 1, 1, 'asdasdasd', '1768963882_2.png', 'disetujui', '', '2026-01-22 00:55:59', 3, '2026-01-21 02:51:22', NULL, NULL, NULL, NULL),
(6, 2, '2026-01-21', 1, 1, 'axax', '1768965236_2.png', 'disetujui', '', '2026-01-22 01:54:04', 1, '2026-01-21 03:13:56', NULL, NULL, NULL, NULL),
(8, 12, '2026-01-21', 1, 2, 'asdasd', '1768966994_12.png', 'disetujui', '', '2026-01-22 01:54:06', 1, '2026-01-21 03:43:14', NULL, NULL, NULL, NULL),
(9, 2, '2026-01-20', 1, 1, '91000067113553', '1768967597_2.png', 'disetujui', '', '2026-01-22 01:53:16', 1, '2026-01-21 03:53:17', NULL, NULL, NULL, NULL),
(10, 2, '2026-01-22', 5, 1, 'kjnkj', '1769043416_2.png', 'disetujui', '', '2026-01-22 01:54:06', 1, '2026-01-22 00:56:56', NULL, NULL, NULL, NULL),
(11, 6, '2026-01-22', 5, 1, 'asdasd', '1769044870_6.png', 'disetujui', '', '2026-01-22 01:54:07', 1, '2026-01-22 01:21:10', NULL, NULL, NULL, NULL),
(12, 2, '2026-01-22', 1, 1, 'wqeqe', '1769046767_2.png', 'disetujui', '', '2026-01-22 01:54:08', 1, '2026-01-22 01:52:47', NULL, NULL, NULL, NULL),
(13, 9, '2026-01-22', NULL, 814, 'asaaaaaaaaaaaaaa', '1769153807_9.png', 'disetujui', NULL, NULL, NULL, '2026-01-23 07:36:47', NULL, NULL, NULL, NULL),
(14, 2, '2026-01-22', NULL, 2, '\'\'\'\'\'\'\'\'\'', '1769154813_2.png', 'disetujui', NULL, NULL, NULL, '2026-01-23 07:53:33', NULL, NULL, NULL, NULL),
(15, 27, '2026-01-27', NULL, 739, 'asdasdasd', '1769486056_27.png', 'disetujui', NULL, NULL, NULL, '2026-01-27 03:54:16', NULL, NULL, NULL, NULL);

-- --------------------------------------------------------

--
-- Table structure for table `madrasah`
--

CREATE TABLE `madrasah` (
  `id` int NOT NULL,
  `nsm` varchar(20) NOT NULL,
  `npsn` varchar(20) DEFAULT NULL,
  `nama_madrasah` varchar(100) NOT NULL,
  `jenjang` varchar(50) DEFAULT NULL,
  `status` varchar(20) DEFAULT NULL,
  `alamat` text,
  `provinsi` varchar(100) DEFAULT NULL,
  `kabupaten` varchar(100) DEFAULT NULL,
  `kecamatan` varchar(100) DEFAULT NULL,
  `kepala_madrasah` varchar(100) DEFAULT NULL,
  `created_at` timestamp NOT NULL DEFAULT CURRENT_TIMESTAMP,
  `updated_at` timestamp NOT NULL DEFAULT CURRENT_TIMESTAMP ON UPDATE CURRENT_TIMESTAMP
) ENGINE=InnoDB DEFAULT CHARSET=utf8mb4 COLLATE=utf8mb4_0900_ai_ci;

--
-- Dumping data for table `madrasah`
--

INSERT INTO `madrasah` (`id`, `nsm`, `npsn`, `nama_madrasah`, `jenjang`, `status`, `alamat`, `provinsi`, `kabupaten`, `kecamatan`, `kepala_madrasah`, `created_at`, `updated_at`) VALUES
(1, '101235170001', '69746734', 'RA AL-AZHAR', 'Raudhatul Athfal', 'swasta', 'Dusun Ponggok', 'JAWA TIMUR', 'JOMBANG', 'BANDARKEDUNGMULYO', NULL, '2026-01-22 02:45:38', '2026-01-22 02:45:38'),
(2, '101235170002', '69746729', 'RA AL MASYKUR', 'Raudhatul Athfal', 'swasta', 'Jln Kedungrejo Rt/Rw 002/001 Pucangsimo', 'JAWA TIMUR', 'JOMBANG', 'BANDARKEDUNGMULYO', NULL, '2026-01-22 02:45:38', '2026-01-22 02:45:38'),
(3, '101235170003', '69746735', 'RA BUSTANUL MUTAALLIMIN', 'Raudhatul Athfal', 'swasta', 'DSN MOJOTENGAH RT/RW 001/003', 'JAWA TIMUR', 'JOMBANG', 'BANDARKEDUNGMULYO', NULL, '2026-01-22 02:45:38', '2026-01-22 02:45:38'),
(4, '101235170004', '69746736', 'RA IRSYADUT THOLIBIN', 'Raudhatul Athfal', 'swasta', 'Jl.masjid Sawahan', 'JAWA TIMUR', 'JOMBANG', 'BANDARKEDUNGMULYO', NULL, '2026-01-22 02:45:38', '2026-01-22 02:45:38'),
(5, '101235170005', '69746738', 'RA MUSLIMAT BRANGKAL I', 'Raudhatul Athfal', 'swasta', 'Jln.H.Sholeh No. 1', 'JAWA TIMUR', 'JOMBANG', 'BANDARKEDUNGMULYO', NULL, '2026-01-22 02:45:38', '2026-01-22 02:45:38'),
(6, '101235170006', '69746739', 'RA MUSLIMAT BRODOT', 'Raudhatul Athfal', 'swasta', 'Jl.raya Brodot', 'JAWA TIMUR', 'JOMBANG', 'BANDARKEDUNGMULYO', NULL, '2026-01-22 02:45:38', '2026-01-22 02:45:38'),
(7, '101235170007', '69746737', 'RA MUSLIMAT 2', 'Raudhatul Athfal', 'swasta', 'Jln. Dsn.Tinggar No.05 Desa Tinggar', 'JAWA TIMUR', 'JOMBANG', 'BANDARKEDUNGMULYO', NULL, '2026-01-22 02:45:38', '2026-01-22 02:45:38'),
(8, '101235170008', '69746744', 'RA MUSLIMAT AL HIKMAH', 'Raudhatul Athfal', 'swasta', 'Dusun Proko', 'JAWA TIMUR', 'JOMBANG', 'BANDARKEDUNGMULYO', NULL, '2026-01-22 02:45:38', '2026-01-22 02:45:38'),
(9, '101235170009', '69746730', 'RA MUSLIMAT AL-IHSAN', 'Raudhatul Athfal', 'swasta', 'JL.Bandar RT.02 RW.02 No.25', 'JAWA TIMUR', 'JOMBANG', 'BANDARKEDUNGMULYO', NULL, '2026-01-22 02:45:38', '2026-01-22 02:45:38'),
(10, '101235170010', '69746731', 'RA MUSLIMAT', 'Raudhatul Athfal', 'swasta', 'Banjarsari RT 007 RW 002', 'JAWA TIMUR', 'JOMBANG', 'BANDARKEDUNGMULYO', NULL, '2026-01-22 02:45:38', '2026-01-22 02:45:38'),
(11, '101235170011', '69746740', 'RA MUSLIMAT GONDANGMANIS', 'Raudhatul Athfal', 'swasta', 'Jalan Protokol No 137 Desa Gondangmanis Bandarkedungmulyo', 'JAWA TIMUR', 'JOMBANG', 'BANDARKEDUNGMULYO', NULL, '2026-01-22 02:45:38', '2026-01-22 02:45:38'),
(12, '101235170012', '69746732', 'RA MUSLIMAT I', 'Raudhatul Athfal', 'swasta', 'Jl. Raya Tinggar No. 35', 'JAWA TIMUR', 'JOMBANG', 'BANDARKEDUNGMULYO', NULL, '2026-01-22 02:45:38', '2026-01-22 02:45:38'),
(13, '101235170013', '69746742', 'RA MUSLIMAT SEMELO', 'Raudhatul Athfal', 'swasta', 'Jln.Masjid Umar zahid Semelo', 'JAWA TIMUR', 'JOMBANG', 'BANDARKEDUNGMULYO', NULL, '2026-01-22 02:45:38', '2026-01-22 02:45:38'),
(14, '101235170014', '69746743', 'RAM SUNAN KUDUS', 'Raudhatul Athfal', 'swasta', 'Karangdagangan', 'JAWA TIMUR', 'JOMBANG', 'BANDARKEDUNGMULYO', NULL, '2026-01-22 02:45:38', '2026-01-22 02:45:38'),
(15, '101235170015', '69746733', 'RA PERWANIDA', 'Raudhatul Athfal', 'swasta', 'Pucangsimo RT/RW:01/06', 'JAWA TIMUR', 'JOMBANG', 'BANDARKEDUNGMULYO', NULL, '2026-01-22 02:45:38', '2026-01-22 02:45:38'),
(16, '101235170016', '69746741', 'RA SUBULUSSALAM', 'Raudhatul Athfal', 'swasta', 'PUCANGSIMO Rt.001 Rw.002', 'JAWA TIMUR', 'JOMBANG', 'BANDARKEDUNGMULYO', NULL, '2026-01-22 02:45:38', '2026-01-22 02:45:38'),
(17, '101235170017', '69746748', 'RA AISYIYAH', 'Raudhatul Athfal', 'swasta', 'Dusun Jlopo RT.002/001', 'JAWA TIMUR', 'JOMBANG', 'BARENG', NULL, '2026-01-22 02:45:38', '2026-01-22 02:45:38'),
(18, '101235170018', '69746750', 'RA AL-HIKMAH', 'Raudhatul Athfal', 'swasta', 'Jl.kyai Irsyad Jemparing', 'JAWA TIMUR', 'JOMBANG', 'BARENG', NULL, '2026-01-22 02:45:38', '2026-01-22 02:45:38'),
(19, '101235170019', '69746749', 'RA AL-HIKMAH', 'Raudhatul Athfal', 'swasta', 'Ubalan No.1', 'JAWA TIMUR', 'JOMBANG', 'BARENG', NULL, '2026-01-22 02:45:38', '2026-01-22 02:45:38'),
(20, '101235170020', '69746751', 'RA ANNUR', 'Raudhatul Athfal', 'swasta', 'Jl. Raya Sumberdadi Dsn. Wungurejo', 'JAWA TIMUR', 'JOMBANG', 'BARENG', NULL, '2026-01-22 02:45:38', '2026-01-22 02:45:38'),
(21, '101235170021', '69746757', 'RA DARUL MUTTAQIN', 'Raudhatul Athfal', 'swasta', 'Dsn. Pakel', 'JAWA TIMUR', 'JOMBANG', 'BARENG', NULL, '2026-01-22 02:45:38', '2026-01-22 02:45:38'),
(22, '101235170022', '69746752', 'RA DARUL ULUM BANJARAGUNG', 'Raudhatul Athfal', 'swasta', 'BANJARAGUNG', 'JAWA TIMUR', 'JOMBANG', 'BARENG', NULL, '2026-01-22 02:45:38', '2026-01-22 02:45:38'),
(23, '101235170023', '69746753', 'RA ISLAM AL-WATHANIYAH', 'Raudhatul Athfal', 'swasta', 'Jl. Sulthan Agung No.1 Mojoanyar Rt.003 Rw.001', 'JAWA TIMUR', 'JOMBANG', 'BARENG', NULL, '2026-01-22 02:45:38', '2026-01-22 02:45:38'),
(24, '101235170024', '69746745', 'RA ISLAMIYAH', 'Raudhatul Athfal', 'swasta', 'Dsn Dadirejo', 'JAWA TIMUR', 'JOMBANG', 'BARENG', NULL, '2026-01-22 02:45:38', '2026-01-22 02:45:38'),
(25, '101235170025', '69746746', 'RA MAMBAUL HIDAYAH', 'Raudhatul Athfal', 'swasta', 'DUSUN TEGALAN KEDUNGGALIH RT 001 RW 02', 'JAWA TIMUR', 'JOMBANG', 'BARENG', NULL, '2026-01-22 02:45:38', '2026-01-22 02:45:38'),
(26, '101235170026', '69746754', 'RA MUSLIMAT KUPANG', 'Raudhatul Athfal', 'swasta', 'Dusun Kupang RT.001 RW.002', 'JAWA TIMUR', 'JOMBANG', 'BARENG', NULL, '2026-01-22 02:45:38', '2026-01-22 02:45:38'),
(27, '101235170027', '69746755', 'RA NURUL ISLAM I', 'Raudhatul Athfal', 'swasta', 'Dr. Soetomo 43 Bareng', 'JAWA TIMUR', 'JOMBANG', 'BARENG', NULL, '2026-01-22 02:45:38', '2026-01-22 02:45:38'),
(28, '101235170028', '69746747', 'RA NURUL ISLAM 2', 'Raudhatul Athfal', 'swasta', 'Dusun Mundusewu RT.002/002', 'JAWA TIMUR', 'JOMBANG', 'BARENG', NULL, '2026-01-22 02:45:38', '2026-01-22 02:45:38'),
(29, '101235170029', '69746756', 'RA PERWANIDA KEBONDALEM', 'Raudhatul Athfal', 'swasta', 'Jl.Arjuno No.20', 'JAWA TIMUR', 'JOMBANG', 'BARENG', NULL, '2026-01-22 02:45:38', '2026-01-22 02:45:38'),
(30, '101235170030', '69746789', 'RA AL-AS\'AD BRAMBANG', 'Raudhatul Athfal', 'swasta', 'Jl. Masjid No. 06 Brambang', 'JAWA TIMUR', 'JOMBANG', 'DIWEK', NULL, '2026-01-22 02:45:38', '2026-01-22 02:45:38'),
(31, '101235170031', '69746766', 'RA AL-ASYARI', 'Raudhatul Athfal', 'swasta', 'Jl. Proklamasi', 'JAWA TIMUR', 'JOMBANG', 'DIWEK', NULL, '2026-01-22 02:45:38', '2026-01-22 02:45:38'),
(32, '101235170032', '69746790', 'RA RAM AL FIRDAUS', 'Raudhatul Athfal', 'swasta', 'Jl. Masjid Dsn. Sumoyono RT.005 RW.011', 'JAWA TIMUR', 'JOMBANG', 'DIWEK', NULL, '2026-01-22 02:45:38', '2026-01-22 02:45:38'),
(33, '101235170033', '69746758', 'RA AL-HIKMAH', 'Raudhatul Athfal', 'swasta', 'Jl. Grogol Tanggungan RT/RW : 03/09', 'JAWA TIMUR', 'JOMBANG', 'DIWEK', NULL, '2026-01-22 02:45:38', '2026-01-22 02:45:38'),
(34, '101235170034', '69746767', 'RA AL-HILAL', 'Raudhatul Athfal', 'swasta', 'Balongombo RT : 001 / RW : 001', 'JAWA TIMUR', 'JOMBANG', 'DIWEK', NULL, '2026-01-22 02:45:38', '2026-01-22 02:45:38'),
(35, '101235170035', '69746759', 'RA AL-HUDA', 'Raudhatul Athfal', 'swasta', 'Dusun Bogem', 'JAWA TIMUR', 'JOMBANG', 'DIWEK', NULL, '2026-01-22 02:45:38', '2026-01-22 02:45:38'),
(36, '101235170036', '69746768', 'RA AL-MARUF', 'Raudhatul Athfal', 'swasta', 'Dsn. Beyan RT.028 RW.006', 'JAWA TIMUR', 'JOMBANG', 'DIWEK', NULL, '2026-01-22 02:45:38', '2026-01-22 02:45:38'),
(37, '101235170037', '69746769', 'RA AL-QOSIMY', 'Raudhatul Athfal', 'swasta', 'Jl. Masjid Dsn. Gendong', 'JAWA TIMUR', 'JOMBANG', 'DIWEK', NULL, '2026-01-22 02:45:38', '2026-01-22 02:45:38'),
(38, '101235170038', '69746770', 'RA AL-URWATUL WUTSQO I', 'Raudhatul Athfal', 'swasta', 'Bulurejo', 'JAWA TIMUR', 'JOMBANG', 'DIWEK', NULL, '2026-01-22 02:45:38', '2026-01-22 02:45:38'),
(39, '101235170039', '69746771', 'RA AL-URWATUL WUTSQO III', 'Raudhatul Athfal', 'swasta', 'Bedok', 'JAWA TIMUR', 'JOMBANG', 'DIWEK', NULL, '2026-01-22 02:45:38', '2026-01-22 02:45:38'),
(40, '101235170040', '69746787', 'RA AN-NUR', 'Raudhatul Athfal', 'swasta', 'Jln. Pd. Khan Asyari RT 06 RW 01 Dusun Keras', 'JAWA TIMUR', 'JOMBANG', 'DIWEK', NULL, '2026-01-22 02:45:38', '2026-01-22 02:45:38'),
(41, '101235170041', '69746772', 'RA DARUL HIKMAH', 'Raudhatul Athfal', 'swasta', 'Jl. Raya Gg. Masjid Besar No. 67', 'JAWA TIMUR', 'JOMBANG', 'DIWEK', NULL, '2026-01-22 02:45:38', '2026-01-22 02:45:38'),
(42, '101235170042', '69746784', 'RA HIDAYATUL MUBTADIIN', 'Raudhatul Athfal', 'swasta', 'Jl. Wongsokromo Ngudirejo', 'JAWA TIMUR', 'JOMBANG', 'DIWEK', NULL, '2026-01-22 02:45:38', '2026-01-22 02:45:38'),
(43, '101235170043', '69746773', 'RA KARTINI', 'Raudhatul Athfal', 'swasta', 'Jl. Kh. Hasyim Asyari 169 RT 002 RW 007 Dusun Mojosongo', 'JAWA TIMUR', 'JOMBANG', 'DIWEK', NULL, '2026-01-22 02:45:38', '2026-01-22 02:45:38'),
(44, '101235170044', '69746760', 'RA MENARA TAUFIQ', 'Raudhatul Athfal', 'swasta', 'Dusun. Tanggugan Santren Desa. Bandung', 'JAWA TIMUR', 'JOMBANG', 'DIWEK', NULL, '2026-01-22 02:45:38', '2026-01-22 02:45:38'),
(45, '101235170045', '69746775', 'RA MIFTAHUL HUDA', 'Raudhatul Athfal', 'swasta', 'Jl. Cukir Mojowarno Rt/rw 01/07 Tanjunganom', 'JAWA TIMUR', 'JOMBANG', 'DIWEK', NULL, '2026-01-22 02:45:38', '2026-01-22 02:45:38'),
(46, '101235170046', '69746774', 'RA MIFTAHUL HUDA', 'Raudhatul Athfal', 'swasta', 'JL. MASJID GEDANGAN NGUDIREJO', 'JAWA TIMUR', 'JOMBANG', 'DIWEK', NULL, '2026-01-22 02:45:38', '2026-01-22 02:45:38'),
(47, '101235170047', '69746776', 'RA MIFTAHUL JANNAH', 'Raudhatul Athfal', 'swasta', 'Jl. Kertajaya No 3 Cikar', 'JAWA TIMUR', 'JOMBANG', 'DIWEK', NULL, '2026-01-22 02:45:38', '2026-01-22 02:45:38'),
(48, '101235170048', '69746788', 'RA MIFTAHUL ULUM', 'Raudhatul Athfal', 'swasta', 'Jalan Raya Jatipelem 24', 'JAWA TIMUR', 'JOMBANG', 'DIWEK', NULL, '2026-01-22 02:45:38', '2026-01-22 02:45:38'),
(49, '101235170049', '69746777', 'RA MIFTAHUL ULUM', 'Raudhatul Athfal', 'swasta', 'Jl. Masjid Al Awan Kedawong', 'JAWA TIMUR', 'JOMBANG', 'DIWEK', NULL, '2026-01-22 02:45:38', '2026-01-22 02:45:38'),
(50, '101235170050', '69746778', 'RA MUJAHIDIN', 'Raudhatul Athfal', 'swasta', 'Babatan Kedawong', 'JAWA TIMUR', 'JOMBANG', 'DIWEK', NULL, '2026-01-22 02:45:38', '2026-01-22 02:45:38'),
(51, '101235170051', '69746785', 'RA MUSLIMAT GROGOL', 'Raudhatul Athfal', 'swasta', 'Jl. Raya Grogol', 'JAWA TIMUR', 'JOMBANG', 'DIWEK', NULL, '2026-01-22 02:45:38', '2026-01-22 02:45:38'),
(52, '101235170052', '69746761', 'RA MUSLIMAT', 'Raudhatul Athfal', 'swasta', 'Jl. Kh. Mansoer Jatirejo', 'JAWA TIMUR', 'JOMBANG', 'DIWEK', NULL, '2026-01-22 02:45:38', '2026-01-22 02:45:38'),
(53, '101235170053', '69746779', 'RA MUSLIMAT AL-KHODIJAH', 'Raudhatul Athfal', 'swasta', 'Jl. Masjid Ali-Imron Kayangan', 'JAWA TIMUR', 'JOMBANG', 'DIWEK', NULL, '2026-01-22 02:45:38', '2026-01-22 02:45:38'),
(54, '101235170054', '69746764', 'RA MUSLIMAT BANDUNG I', 'Raudhatul Athfal', 'swasta', 'Jl. Raya Bandung No. 14', 'JAWA TIMUR', 'JOMBANG', 'DIWEK', NULL, '2026-01-22 02:45:38', '2026-01-22 02:45:38'),
(55, '101235170055', '69746780', 'RA MUSLIMAT BANDUNG III', 'Raudhatul Athfal', 'swasta', 'Jl. Masjid Al-Maunah Bandung Krajan No 35 Bandung', 'JAWA TIMUR', 'JOMBANG', 'DIWEK', NULL, '2026-01-22 02:45:38', '2026-01-22 02:45:38'),
(56, '101235170056', '69746781', 'RA MUSLIMAT BULUREJO II', 'Raudhatul Athfal', 'swasta', 'Masjid Baitul Muttaqin Kedaton', 'JAWA TIMUR', 'JOMBANG', 'DIWEK', NULL, '2026-01-22 02:45:38', '2026-01-22 02:45:38'),
(57, '101235170057', '69746791', 'RA DARUS SALAM', 'Raudhatul Athfal', 'swasta', 'KAYEN KAYANGAN', 'JAWA TIMUR', 'JOMBANG', 'DIWEK', NULL, '2026-01-22 02:45:38', '2026-01-22 02:45:38'),
(58, '101235170058', '69746782', 'RA MUSLIMAT DEMPOK II', 'Raudhatul Athfal', 'swasta', 'JL. MOJOWARNO DSN DEMPOK', 'JAWA TIMUR', 'JOMBANG', 'DIWEK', NULL, '2026-01-22 02:45:38', '2026-01-22 02:45:38'),
(59, '101235170059', '69746783', 'RA MUSLIMAT NANGGALAN', 'Raudhatul Athfal', 'swasta', 'Nanggalan Watugaluh', 'JAWA TIMUR', 'JOMBANG', 'DIWEK', NULL, '2026-01-22 02:45:38', '2026-01-22 02:45:38'),
(60, '101235170060', '69746762', 'RA MUSLIMAT NGLABAN', 'Raudhatul Athfal', 'swasta', 'Jl. Masjid Baitur Rohman No. 19 Rt.11 Rw.06', 'JAWA TIMUR', 'JOMBANG', 'DIWEK', NULL, '2026-01-22 02:45:38', '2026-01-22 02:45:38'),
(61, '101235170061', '69746792', 'RA MUSLIMAT NURUL IMAN DEMPOK I', 'Raudhatul Athfal', 'swasta', 'Dusun Dempok Desa Grogol', 'JAWA TIMUR', 'JOMBANG', 'DIWEK', NULL, '2026-01-22 02:45:38', '2026-01-22 02:45:38'),
(62, '101235170062', '69746765', 'RA PERWANIDA/KWARON', 'Raudhatul Athfal', 'swasta', 'Kwaron', 'JAWA TIMUR', 'JOMBANG', 'DIWEK', NULL, '2026-01-22 02:45:38', '2026-01-22 02:45:38'),
(63, '101235170063', '69746763', 'RA MUSLIMAT TARBIYATUNNASYIIN', 'Raudhatul Athfal', 'swasta', 'Jl. Kh. Mansur Anwar Rt. 01 Rw. 07 Paculgowang', 'JAWA TIMUR', 'JOMBANG', 'DIWEK', NULL, '2026-01-22 02:45:38', '2026-01-22 02:45:38'),
(64, '101235170064', '69746786', 'RA THOYIB HIDAYAT', 'Raudhatul Athfal', 'swasta', 'Jalan. Masjid Nomor:35 Pojok', 'JAWA TIMUR', 'JOMBANG', 'DIWEK', NULL, '2026-01-22 02:45:38', '2026-01-22 02:45:38'),
(65, '101235170065', '69746793', 'RA AL-AZHAR', 'Raudhatul Athfal', 'swasta', 'Jl. Raya Gudo Dusun Sekaru Desa Sukopinggir Kecamatan Gudo Kabupaten Jombang', 'JAWA TIMUR', 'JOMBANG', 'GUDO', NULL, '2026-01-22 02:45:38', '2026-01-22 02:45:38'),
(66, '101235170066', '69746794', 'RA AL-KHOIRIYAH', 'Raudhatul Athfal', 'swasta', 'Jln.H.M.Sholeh', 'JAWA TIMUR', 'JOMBANG', 'GUDO', NULL, '2026-01-22 02:45:38', '2026-01-22 02:45:38'),
(67, '101235170067', '69746795', 'RA MUSLIMAT', 'Raudhatul Athfal', 'swasta', 'Jl Masjid', 'JAWA TIMUR', 'JOMBANG', 'GUDO', NULL, '2026-01-22 02:45:38', '2026-01-22 02:45:38'),
(68, '101235170068', '69746797', 'RA MUSLIMAT', 'Raudhatul Athfal', 'swasta', 'Dsn. Cikaran', 'JAWA TIMUR', 'JOMBANG', 'GUDO', NULL, '2026-01-22 02:45:38', '2026-01-22 02:45:38'),
(69, '101235170069', '69746800', 'RA MUSLIMAT KREMBANGAN', 'Raudhatul Athfal', 'swasta', 'Jln. Masjid Krembangan', 'JAWA TIMUR', 'JOMBANG', 'GUDO', NULL, '2026-01-22 02:45:38', '2026-01-22 02:45:38'),
(70, '101235170070', '69746798', 'RA MUSLIMAT', 'Raudhatul Athfal', 'swasta', 'Jl.raya Watesrejo No 08', 'JAWA TIMUR', 'JOMBANG', 'GUDO', NULL, '2026-01-22 02:45:38', '2026-01-22 02:45:38'),
(71, '101235170071', '69746796', 'RA MUSLIMAT MIFTAHUL HUDA', 'Raudhatul Athfal', 'swasta', 'Jl.masjid', 'JAWA TIMUR', 'JOMBANG', 'GUDO', NULL, '2026-01-22 02:45:38', '2026-01-22 02:45:38'),
(72, '101235170072', '69746802', 'RA PERWANIDA', 'Raudhatul Athfal', 'swasta', 'Jln. Masjid No. 1 Sidomulyo', 'JAWA TIMUR', 'JOMBANG', 'GUDO', NULL, '2026-01-22 02:45:38', '2026-01-22 02:45:38'),
(73, '101235170073', '69746801', 'RA PERWANIDA', 'Raudhatul Athfal', 'swasta', 'Dsn Mejoyo Ds Mejoyolosari', 'JAWA TIMUR', 'JOMBANG', 'GUDO', NULL, '2026-01-22 02:45:38', '2026-01-22 02:45:38'),
(74, '101235170074', '69746803', 'RA ULLUMUDDIN', 'Raudhatul Athfal', 'swasta', 'Jln. Raya Godong', 'JAWA TIMUR', 'JOMBANG', 'GUDO', NULL, '2026-01-22 02:45:38', '2026-01-22 02:45:38'),
(75, '101235170075', '69746808', 'RA AL-HIKMAH', 'Raudhatul Athfal', 'swasta', 'Janti Rt.03/rw.05', 'JAWA TIMUR', 'JOMBANG', 'JOGOROTO', NULL, '2026-01-22 02:45:38', '2026-01-22 02:45:38'),
(76, '101235170076', '69746809', 'RA AL-IHSAN', 'Raudhatul Athfal', 'swasta', 'Jl. Balaidesa sawahan Rt: 03/Rw: 05 Sambirejo', 'JAWA TIMUR', 'JOMBANG', 'JOGOROTO', NULL, '2026-01-22 02:45:38', '2026-01-22 02:45:38'),
(77, '101235170077', '69746815', 'RA AL-ITTIHAD', 'Raudhatul Athfal', 'swasta', 'Jln. Raya Kalianyar No. 16', 'JAWA TIMUR', 'JOMBANG', 'JOGOROTO', NULL, '2026-01-22 02:45:38', '2026-01-22 02:45:38'),
(78, '101235170078', '69746804', 'RA ANNASHIRIYAH', 'Raudhatul Athfal', 'swasta', 'Dsn. Ngembeh', 'JAWA TIMUR', 'JOMBANG', 'JOGOROTO', NULL, '2026-01-22 02:45:38', '2026-01-22 02:45:38'),
(79, '101235170079', '69746822', 'RA BABUSSALAM', 'Raudhatul Athfal', 'swasta', 'Jalan Masjid Al.mukhlisin No.49 Tambar', 'JAWA TIMUR', 'JOMBANG', 'JOGOROTO', NULL, '2026-01-22 02:45:38', '2026-01-22 02:45:38'),
(80, '101235170080', '69746816', 'RA DARUL ULUM', 'Raudhatul Athfal', 'swasta', 'Jl. Buyut Driyo', 'JAWA TIMUR', 'JOMBANG', 'JOGOROTO', NULL, '2026-01-22 02:45:38', '2026-01-22 02:45:38'),
(81, '101235170081', '69995040', 'RA DARUSSALAM', 'Raudhatul Athfal', 'swasta', 'Semanding Rt.003/rw.005 Sumbermulyo Jogoroto', 'JAWA TIMUR', 'JOMBANG', 'JOGOROTO', NULL, '2026-01-22 02:45:38', '2026-01-22 02:45:38'),
(82, '101235170082', '69746810', 'RA HASYIM ASYARI', 'Raudhatul Athfal', 'swasta', 'Bendungrejo', 'JAWA TIMUR', 'JOMBANG', 'JOGOROTO', NULL, '2026-01-22 02:45:38', '2026-01-22 02:45:38'),
(83, '101235170083', '69746811', 'RA ISLAMIYAH 1', 'Raudhatul Athfal', 'swasta', 'Kemirigalih', 'JAWA TIMUR', 'JOMBANG', 'JOGOROTO', NULL, '2026-01-22 02:45:38', '2026-01-22 02:45:38'),
(84, '101235170084', '69746812', 'RA ISLAMIYAH 2', 'Raudhatul Athfal', 'swasta', 'Sawi', 'JAWA TIMUR', 'JOMBANG', 'JOGOROTO', NULL, '2026-01-22 02:45:38', '2026-01-22 02:45:38'),
(85, '101235170085', '69746813', 'RA KHOLIDIYAH 1', 'Raudhatul Athfal', 'swasta', 'Pengalangan, RT 003, RW 001', 'JAWA TIMUR', 'JOMBANG', 'JOGOROTO', NULL, '2026-01-22 02:45:38', '2026-01-22 02:45:38'),
(86, '101235170086', '69746817', 'RA KHOLIDIYAH II', 'Raudhatul Athfal', 'swasta', 'Dsn Karangrejo Ds Alang-Alang Caruban Rt:03 Rw: 06', 'JAWA TIMUR', 'JOMBANG', 'JOGOROTO', NULL, '2026-01-22 02:45:38', '2026-01-22 02:45:38'),
(87, '101235170087', '69746807', 'RA MUSLIMAT MAMBAUL ULUM', 'Raudhatul Athfal', 'swasta', 'Corogo Janti Jogoroto', 'JAWA TIMUR', 'JOMBANG', 'JOGOROTO', NULL, '2026-01-22 02:45:38', '2026-01-22 02:45:38'),
(88, '101235170088', '69746806', 'RA MIDANUTTA\'LIM 1', 'Raudhatul Athfal', 'swasta', 'Mayangan', 'JAWA TIMUR', 'JOMBANG', 'JOGOROTO', NULL, '2026-01-22 02:45:38', '2026-01-22 02:45:38'),
(89, '101235170089', '69746818', 'RA MIDANUTTALIM 2', 'Raudhatul Athfal', 'swasta', 'Dsn.Tugurejo', 'JAWA TIMUR', 'JOMBANG', 'JOGOROTO', NULL, '2026-01-22 02:45:38', '2026-01-22 02:45:38'),
(90, '101235170090', '69746821', 'RA MIFTAHUL ULUM JARAKKULON', 'Raudhatul Athfal', 'swasta', 'Jarakkulon', 'JAWA TIMUR', 'JOMBANG', 'JOGOROTO', NULL, '2026-01-22 02:45:38', '2026-01-22 02:45:38'),
(91, '101235170091', '69746814', 'RA MINHAJUL ABIDIN', 'Raudhatul Athfal', 'swasta', 'Jl. Makam Sayyid Ismail Ds. Janti', 'JAWA TIMUR', 'JOMBANG', 'JOGOROTO', NULL, '2026-01-22 02:45:38', '2026-01-22 02:45:38'),
(92, '101235170092', '69746819', 'RA MUSLIMAT GHOZALIYAH', 'Raudhatul Athfal', 'swasta', 'Sidowaras Sumbermulyo', 'JAWA TIMUR', 'JOMBANG', 'JOGOROTO', NULL, '2026-01-22 02:45:38', '2026-01-22 02:45:38'),
(93, '101235170093', '69746820', 'RA PERWANIDA', 'Raudhatul Athfal', 'swasta', 'Jl. H. Cholil No 23 Sumber Penganten', 'JAWA TIMUR', 'JOMBANG', 'JOGOROTO', NULL, '2026-01-22 02:45:38', '2026-01-22 02:45:38'),
(94, '101235170094', '69746823', 'RA SYAFIIYAH', 'Raudhatul Athfal', 'swasta', 'Dusun Dukuh Semut Desa Sukosari', 'JAWA TIMUR', 'JOMBANG', 'JOGOROTO', NULL, '2026-01-22 02:45:38', '2026-01-22 02:45:38'),
(95, '101235170095', '69746826', 'RA AT-TAQWA', 'Raudhatul Athfal', 'swasta', 'Jl. Pembina Rt/rw : 18/04', 'JAWA TIMUR', 'JOMBANG', 'JOMBANG', NULL, '2026-01-22 02:45:38', '2026-01-22 02:45:38'),
(96, '101235170096', '69746824', 'RA AL-BURHAN', 'Raudhatul Athfal', 'swasta', 'Jl. Pattimura Gg. III Sengon Jombang', 'JAWA TIMUR', 'JOMBANG', 'JOMBANG', NULL, '2026-01-22 02:45:38', '2026-01-22 02:45:38'),
(97, '101235170097', '69746825', 'RA AL ISTIQOMAH', 'Raudhatul Athfal', 'swasta', 'Jl. KH. Umar No.99', 'JAWA TIMUR', 'JOMBANG', 'JOMBANG', NULL, '2026-01-22 02:45:38', '2026-01-22 02:45:38'),
(98, '101235170098', '69746832', 'RA AL-KHODIJAH', 'Raudhatul Athfal', 'swasta', 'Jl. Masjid Gempolpait Banjardowo', 'JAWA TIMUR', 'JOMBANG', 'JOMBANG', NULL, '2026-01-22 02:45:38', '2026-01-22 02:45:38'),
(99, '101235170099', '69746833', 'RA DARUSSALAM', 'Raudhatul Athfal', 'swasta', 'Gondekan', 'JAWA TIMUR', 'JOMBANG', 'JOMBANG', NULL, '2026-01-22 02:45:38', '2026-01-22 02:45:38'),
(100, '101235170100', '69746829', 'RA JAMBU', 'Raudhatul Athfal', 'swasta', 'Jl. Jambu I No.40', 'JAWA TIMUR', 'JOMBANG', 'JOMBANG', NULL, '2026-01-22 02:45:38', '2026-01-22 02:45:38'),
(101, '101235170101', '69746827', 'RA MUSLIMAT SUMBERJO', 'Raudhatul Athfal', 'swasta', 'Jl. Mindi Jaya 1/23 Sumberjo', 'JAWA TIMUR', 'JOMBANG', 'JOMBANG', NULL, '2026-01-22 02:45:38', '2026-01-22 02:45:38'),
(102, '101235170102', '69746834', 'RA MUSLIMAT ARIF RAHMAN', 'Raudhatul Athfal', 'swasta', 'Jl Kh Wahab Hasbullah Sambong Santren', 'JAWA TIMUR', 'JOMBANG', 'JOMBANG', NULL, '2026-01-22 02:45:38', '2026-01-22 02:45:38'),
(103, '101235170103', '69746835', 'RA NURUL HIKMAH', 'Raudhatul Athfal', 'swasta', 'Jl. Kapten Tendean No. 61', 'JAWA TIMUR', 'JOMBANG', 'JOMBANG', NULL, '2026-01-22 02:45:38', '2026-01-22 02:45:38'),
(104, '101235170104', '69746830', 'RA PERWANIDA', 'Raudhatul Athfal', 'swasta', 'Jl. Kh. Dewantara No. 64 Jombang', 'JAWA TIMUR', 'JOMBANG', 'JOMBANG', NULL, '2026-01-22 02:45:38', '2026-01-22 02:45:38'),
(105, '101235170105', '69746828', 'RA PERWANIDA KEBOKICAK', 'Raudhatul Athfal', 'swasta', 'Jalan Dahlia No. 01', 'JAWA TIMUR', 'JOMBANG', 'JOMBANG', NULL, '2026-01-22 02:45:38', '2026-01-22 02:45:38'),
(106, '101235170106', '69746831', 'RA REMAJA ISLAM', 'Raudhatul Athfal', 'swasta', 'Jl. Arjuno No.60 Telp. (0321) 871762 Denanyar Jombang', 'JAWA TIMUR', 'JOMBANG', 'JOMBANG', NULL, '2026-01-22 02:45:38', '2026-01-22 02:45:38'),
(107, '101235170107', '69746836', 'RA RIYAADLUL JANNAH', 'Raudhatul Athfal', 'swasta', 'Jl. Abdur Rahman Saleh No. 24', 'JAWA TIMUR', 'JOMBANG', 'JOMBANG', NULL, '2026-01-22 02:45:38', '2026-01-22 02:45:38'),
(108, '101235170108', '69746837', 'RA TARBIYATUL HUDA', 'Raudhatul Athfal', 'swasta', 'Sumberwinong Banjardowo Jombang', 'JAWA TIMUR', 'JOMBANG', 'JOMBANG', NULL, '2026-01-22 02:45:38', '2026-01-22 02:45:38'),
(109, '101235170109', '69746838', 'RA MUSLIMAT', 'Raudhatul Athfal', 'swasta', 'Dusun Peyek', 'JAWA TIMUR', 'JOMBANG', 'KABUH', NULL, '2026-01-22 02:45:38', '2026-01-22 02:45:38'),
(110, '101235170110', '69746839', 'RA PERWANIDA', 'Raudhatul Athfal', 'swasta', 'Dusun Brumbung', 'JAWA TIMUR', 'JOMBANG', 'KABUH', NULL, '2026-01-22 02:45:38', '2026-01-22 02:45:38'),
(111, '101235170111', '69746854', 'RA AL-IHSANI', 'Raudhatul Athfal', 'swasta', 'KH. Agus Salim Dusun Garu', 'JAWA TIMUR', 'JOMBANG', 'KESAMBEN', NULL, '2026-01-22 02:45:38', '2026-01-22 02:45:38'),
(112, '101235170112', '69746842', 'RA AL MUSLIMUN', 'Raudhatul Athfal', 'swasta', 'Jl. Melati Kedungmlati', 'JAWA TIMUR', 'JOMBANG', 'KESAMBEN', NULL, '2026-01-22 02:45:38', '2026-01-22 02:45:38'),
(113, '101235170113', '69746840', 'RA AR ROHMAN', 'Raudhatul Athfal', 'swasta', 'Ds.Pojok Kulon', 'JAWA TIMUR', 'JOMBANG', 'KESAMBEN', NULL, '2026-01-22 02:45:38', '2026-01-22 02:45:38'),
(114, '101235170114', '69746847', 'RA MIFTAHUL ULUM', 'Raudhatul Athfal', 'swasta', 'Jl. Pabrik Yodium Rt 7 Rw 2', 'JAWA TIMUR', 'JOMBANG', 'KESAMBEN', NULL, '2026-01-22 02:45:38', '2026-01-22 02:45:38'),
(115, '101235170115', '69746845', 'RA MIFTAHUL ULUM', 'Raudhatul Athfal', 'swasta', 'Jl. Baitul Qudus Dero', 'JAWA TIMUR', 'JOMBANG', 'KESAMBEN', NULL, '2026-01-22 02:45:38', '2026-01-22 02:45:38'),
(116, '101235170116', '69746846', 'RA MIFTAHUL ULUM', 'Raudhatul Athfal', 'swasta', 'Jl. Raya Sapon', 'JAWA TIMUR', 'JOMBANG', 'KESAMBEN', NULL, '2026-01-22 02:45:38', '2026-01-22 02:45:38'),
(117, '101235170117', '69746848', 'RA MUSLIMAT', 'Raudhatul Athfal', 'swasta', 'JL. ANGGREK POJOKKULON', 'JAWA TIMUR', 'JOMBANG', 'KESAMBEN', NULL, '2026-01-22 02:45:38', '2026-01-22 02:45:38'),
(118, '101235170118', '69746849', 'RA MUSLIMAT', 'Raudhatul Athfal', 'swasta', 'Jl. Raya Carang Rejo No . 47', 'JAWA TIMUR', 'JOMBANG', 'KESAMBEN', NULL, '2026-01-22 02:45:38', '2026-01-22 02:45:38'),
(119, '101235170119', '69746850', 'RA MUSLIMAT AL HIDAYAH', 'Raudhatul Athfal', 'swasta', 'Jl. Raya Kedungbetik', 'JAWA TIMUR', 'JOMBANG', 'KESAMBEN', NULL, '2026-01-22 02:45:38', '2026-01-22 02:45:38'),
(120, '101235170120', '69746851', 'RA MUSLIMAT BABUL ULUM KESAMBEN', 'Raudhatul Athfal', 'swasta', 'Jl. Tanjung', 'JAWA TIMUR', 'JOMBANG', 'KESAMBEN', NULL, '2026-01-22 02:45:38', '2026-01-22 02:45:38'),
(121, '101235170121', '69746841', 'RA PERWANIDA POJOKREJO KESAMBEN', 'Raudhatul Athfal', 'swasta', 'Jl.tugu Pahlawan No. 112', 'JAWA TIMUR', 'JOMBANG', 'KESAMBEN', NULL, '2026-01-22 02:45:38', '2026-01-22 02:45:38'),
(122, '101235170122', '69746843', 'RA PERWANIDA', 'Raudhatul Athfal', 'swasta', 'Jl. Melati Gumulan', 'JAWA TIMUR', 'JOMBANG', 'KESAMBEN', NULL, '2026-01-22 02:45:38', '2026-01-22 02:45:38'),
(123, '101235170123', '69746844', 'RA PERWANIDA', 'Raudhatul Athfal', 'swasta', 'Jl. Brantas No. 01', 'JAWA TIMUR', 'JOMBANG', 'KESAMBEN', NULL, '2026-01-22 02:45:38', '2026-01-22 02:45:38'),
(124, '101235170124', '69746852', 'RA PERWANIDA', 'Raudhatul Athfal', 'swasta', 'Jl Lapangan No. 01', 'JAWA TIMUR', 'JOMBANG', 'KESAMBEN', NULL, '2026-01-22 02:45:38', '2026-01-22 02:45:38'),
(125, '101235170125', '69746853', 'RA SUBBANUL WATHON', 'Raudhatul Athfal', 'swasta', 'Jl. Suryadi Dsn. Kalanganyar', 'JAWA TIMUR', 'JOMBANG', 'KESAMBEN', NULL, '2026-01-22 02:45:38', '2026-01-22 02:45:38'),
(126, '101235170126', '69746856', 'RA AL HIKMAH', 'Raudhatul Athfal', 'swasta', 'Jln Dsn Mabul Ds. Sidokaton Kec. Kudu Kab. Jombang', 'JAWA TIMUR', 'JOMBANG', 'KUDU', NULL, '2026-01-22 02:45:38', '2026-01-22 02:45:38'),
(127, '101235170127', '69746857', 'RA AL KHODIJAH', 'Raudhatul Athfal', 'swasta', 'H. ABDUL FATAH NO. 26 KATEMAS', 'JAWA TIMUR', 'JOMBANG', 'KUDU', NULL, '2026-01-22 02:45:38', '2026-01-22 02:45:38'),
(128, '101235170128', '69746858', 'RA AS-SYARO\'AH', 'Raudhatul Athfal', 'swasta', 'Jln Raya Made No. 01', 'JAWA TIMUR', 'JOMBANG', 'KUDU', NULL, '2026-01-22 02:45:38', '2026-01-22 02:45:38'),
(129, '101235170129', '69746860', 'RA MUSLIMAT NU TAPEN', 'Raudhatul Athfal', 'swasta', 'Jl Raya Brantas No.143 Tapen', 'JAWA TIMUR', 'JOMBANG', 'KUDU', NULL, '2026-01-22 02:45:38', '2026-01-22 02:45:38'),
(130, '101235170130', '69746859', 'RA NURUL HUDA', 'Raudhatul Athfal', 'swasta', 'Jl. Balai Desa No. 72 A', 'JAWA TIMUR', 'JOMBANG', 'KUDU', NULL, '2026-01-22 02:45:38', '2026-01-22 02:45:38'),
(131, '101235170131', '69746855', 'RA PERWANIDA', 'Raudhatul Athfal', 'swasta', 'Jl. Masjid No.22 Glugu Katemas', 'JAWA TIMUR', 'JOMBANG', 'KUDU', NULL, '2026-01-22 02:45:38', '2026-01-22 02:45:38'),
(132, '101235170132', '69746865', 'RA AL IKHLAS', 'Raudhatul Athfal', 'swasta', 'Jl.Raya perak kedungsari', 'JAWA TIMUR', 'JOMBANG', 'MEGALUH', NULL, '2026-01-22 02:45:38', '2026-01-22 02:45:38'),
(133, '101235170133', '69746866', 'RA AL ITTIHAD', 'Raudhatul Athfal', 'swasta', 'Jln. Remaja No.29 RT/RW 004/003', 'JAWA TIMUR', 'JOMBANG', 'MEGALUH', NULL, '2026-01-22 02:45:38', '2026-01-22 02:45:38'),
(134, '101235170134', '69746867', 'RA BAITUL MUTTAQIN', 'Raudhatul Athfal', 'swasta', 'Jl. Baitul Muttaqin RT 002 RW 001 Sidomulyo', 'JAWA TIMUR', 'JOMBANG', 'MEGALUH', NULL, '2026-01-22 02:45:38', '2026-01-22 02:45:38'),
(135, '101235170135', '69746868', 'RA BUSTANUL ULUM', 'Raudhatul Athfal', 'swasta', 'Dsn. Beweh RT//RW 005/004 Ds. Ngogri', 'JAWA TIMUR', 'JOMBANG', 'MEGALUH', NULL, '2026-01-22 02:45:38', '2026-01-22 02:45:38'),
(136, '101235170136', '69746869', 'RA DEWI SARTIKA', 'Raudhatul Athfal', 'swasta', 'Jl.Hirodinoto No.02', 'JAWA TIMUR', 'JOMBANG', 'MEGALUH', NULL, '2026-01-22 02:45:38', '2026-01-22 02:45:38'),
(137, '101235170137', '69746861', 'RA MAMBAUL HUDA', 'Raudhatul Athfal', 'swasta', 'Jln.teratai 15 Sudimoro', 'JAWA TIMUR', 'JOMBANG', 'MEGALUH', NULL, '2026-01-22 02:45:38', '2026-01-22 02:45:38'),
(138, '101235170138', '69746864', 'RA PERWANIDA', 'Raudhatul Athfal', 'swasta', 'Jl. Semangka,no:2,Kedungrejo,Magaluh,Jombang', 'JAWA TIMUR', 'JOMBANG', 'MEGALUH', NULL, '2026-01-22 02:45:38', '2026-01-22 02:45:38'),
(139, '101235170139', '69746862', 'RA PERWANIDA', 'Raudhatul Athfal', 'swasta', 'Soko Pacarpeluk Megaluh Jombang', 'JAWA TIMUR', 'JOMBANG', 'MEGALUH', NULL, '2026-01-22 02:45:38', '2026-01-22 02:45:38'),
(140, '101235170140', '69746863', 'RA PERWANIDA', 'Raudhatul Athfal', 'swasta', 'Dempok Rt/rw 01/04', 'JAWA TIMUR', 'JOMBANG', 'MEGALUH', NULL, '2026-01-22 02:45:38', '2026-01-22 02:45:38'),
(141, '101235170141', '69746870', 'RA SUNAN KALIJOGO', 'Raudhatul Athfal', 'swasta', 'Jl. Kasan Wirangi No. 08', 'JAWA TIMUR', 'JOMBANG', 'MEGALUH', NULL, '2026-01-22 02:45:38', '2026-01-22 02:45:38'),
(142, '101235170142', '69746871', 'RA TARBIYATUS SHIBYAN', 'Raudhatul Athfal', 'swasta', 'Jl. Raya Ngogri Desa Ngogri', 'JAWA TIMUR', 'JOMBANG', 'MEGALUH', NULL, '2026-01-22 02:45:38', '2026-01-22 02:45:38'),
(143, '101235170143', '69746877', 'RA AINUL ULUM', 'Raudhatul Athfal', 'swasta', 'Jl. H. Subakir', 'JAWA TIMUR', 'JOMBANG', 'MOJOAGUNG', NULL, '2026-01-22 02:45:38', '2026-01-22 02:45:38'),
(144, '101235170144', '69746872', 'RA AR-ROHMAH', 'Raudhatul Athfal', 'swasta', 'Jl. Sayid Sulaiman Ds.Betek', 'JAWA TIMUR', 'JOMBANG', 'MOJOAGUNG', NULL, '2026-01-22 02:45:38', '2026-01-22 02:45:38'),
(145, '101235170145', '69746878', 'RA ASY-SYAFI\'IYAH', 'Raudhatul Athfal', 'swasta', 'Jl. Pendowo No. 39', 'JAWA TIMUR', 'JOMBANG', 'MOJOAGUNG', NULL, '2026-01-22 02:45:38', '2026-01-22 02:45:38'),
(146, '101235170146', '69746879', 'RA BUSTANUL ULUM', 'Raudhatul Athfal', 'swasta', 'Johowinong Rt 011/Rw 003', 'JAWA TIMUR', 'JOMBANG', 'MOJOAGUNG', NULL, '2026-01-22 02:45:38', '2026-01-22 02:45:38'),
(147, '101235170147', '69746873', 'RA KUSUMA MULIA', 'Raudhatul Athfal', 'swasta', 'Jl. Masjid Jonggrong', 'JAWA TIMUR', 'JOMBANG', 'MOJOAGUNG', NULL, '2026-01-22 02:45:38', '2026-01-22 02:45:38'),
(148, '101235170148', '69746880', 'RA MAMBAUL ULUM', 'Raudhatul Athfal', 'swasta', 'Jln. Manggis No.15  Murukan', 'JAWA TIMUR', 'JOMBANG', 'MOJOAGUNG', NULL, '2026-01-22 02:45:38', '2026-01-22 02:45:38'),
(149, '101235170149', '69746882', 'RA MUAWANAH', 'Raudhatul Athfal', 'swasta', 'Jl. Siak', 'JAWA TIMUR', 'JOMBANG', 'MOJOAGUNG', NULL, '2026-01-22 02:45:38', '2026-01-22 02:45:38'),
(150, '101235170150', '69746881', 'RA MU\'AWANAH AL-HASYIMIYAH', 'Raudhatul Athfal', 'swasta', 'Wonoyu Timur', 'JAWA TIMUR', 'JOMBANG', 'MOJOAGUNG', NULL, '2026-01-22 02:45:38', '2026-01-22 02:45:38'),
(151, '101235170151', '69746876', 'RA MUSLIMAT AL MURSYIDAH', 'Raudhatul Athfal', 'swasta', 'Jl. K. Thohirun 23', 'JAWA TIMUR', 'JOMBANG', 'MOJOAGUNG', NULL, '2026-01-22 02:45:38', '2026-01-22 02:45:38'),
(152, '101235170152', '69746874', 'RA MUSLIMAT BABUSSALAM', 'Raudhatul Athfal', 'swasta', 'Jl.kh. Nur Syahid No. 110 Kalibening', 'JAWA TIMUR', 'JOMBANG', 'MOJOAGUNG', NULL, '2026-01-22 02:45:38', '2026-01-22 02:45:38'),
(153, '101235170153', '69746875', 'RA PERWANIDA', 'Raudhatul Athfal', 'swasta', 'Jl. Cendrawasih Rt.04 Rw.01 Dsn. Semen', 'JAWA TIMUR', 'JOMBANG', 'MOJOAGUNG', NULL, '2026-01-22 02:45:38', '2026-01-22 02:45:38'),
(154, '101235170154', '69746883', 'RA RAUDLATUL HIKMAH', 'Raudhatul Athfal', 'swasta', 'Jl. Masjid No.16 Dsn Juwet Rt 04, Rw 09, Ds Dukuhdimoro Mojoagung Jombang', 'JAWA TIMUR', 'JOMBANG', 'MOJOAGUNG', NULL, '2026-01-22 02:45:38', '2026-01-22 02:45:38'),
(155, '101235170155', '69746891', 'RA AL FATAH', 'Raudhatul Athfal', 'swasta', 'Jl. Wanara No.134 A Sedah', 'JAWA TIMUR', 'JOMBANG', 'MOJOWARNO', NULL, '2026-01-22 02:45:38', '2026-01-22 02:45:38'),
(156, '101235170156', '69746890', 'RA AL-HUDA REJOSLAMET', 'Raudhatul Athfal', 'swasta', 'Jl. Melati No. 11 Rt. 001 Rw. 003 Banjarsari', 'JAWA TIMUR', 'JOMBANG', 'MOJOWARNO', NULL, '2026-01-22 02:45:38', '2026-01-22 02:45:38'),
(157, '101235170157', '69746892', 'RA AL MAUNAH', 'Raudhatul Athfal', 'swasta', 'Jl. Joas Gang Masjid Rt 004 Rw 002', 'JAWA TIMUR', 'JOMBANG', 'MOJOWARNO', NULL, '2026-01-22 02:45:38', '2026-01-22 02:45:38'),
(158, '101235170158', '69746896', 'RA AL-DLORURIYAH', 'Raudhatul Athfal', 'swasta', 'Jl Kh Sulaiman Rt 005/Rw 005 Ngemplak', 'JAWA TIMUR', 'JOMBANG', 'MOJOWARNO', NULL, '2026-01-22 02:45:38', '2026-01-22 02:45:38'),
(159, '101235170159', '69746895', 'RA AL-HANAFIYAH MOJOWARNO', 'Raudhatul Athfal', 'swasta', 'Dsn. Wringinpitu Rt/rw: 07/03', 'JAWA TIMUR', 'JOMBANG', 'MOJOWARNO', NULL, '2026-01-22 02:45:38', '2026-01-22 02:45:38'),
(160, '101235170160', '69746905', 'RA AL-HIDAYAH I', 'Raudhatul Athfal', 'swasta', 'Jl.Diponegoro Gempol Garut', 'JAWA TIMUR', 'JOMBANG', 'MOJOWARNO', NULL, '2026-01-22 02:45:38', '2026-01-22 02:45:38'),
(161, '101235170161', '69746897', 'RA AL-IKHLAS', 'Raudhatul Athfal', 'swasta', 'JL.HIBRIDA SUMBERBENDO KEDUNGPARI MOJOWARNO', 'JAWA TIMUR', 'JOMBANG', 'MOJOWARNO', NULL, '2026-01-22 02:45:38', '2026-01-22 02:45:38'),
(162, '101235170162', '69746906', 'RA RAM BAITUSSALAM', 'Raudhatul Athfal', 'swasta', 'Jl. Singokarso Rt.06 Rw.02', 'JAWA TIMUR', 'JOMBANG', 'MOJOWARNO', NULL, '2026-01-22 02:45:38', '2026-01-22 02:45:38'),
(163, '101235170163', '69746884', 'RA DARUL FAIZIN II', 'Raudhatul Athfal', 'swasta', 'Jl. Kh. Hasan Sanusi No.01', 'JAWA TIMUR', 'JOMBANG', 'MOJOWARNO', NULL, '2026-01-22 02:45:38', '2026-01-22 02:45:38'),
(164, '101235170164', '69746885', 'RA DARUL ULUM', 'Raudhatul Athfal', 'swasta', 'Jl. Masjid As-Syuhada No.17', 'JAWA TIMUR', 'JOMBANG', 'MOJOWARNO', NULL, '2026-01-22 02:45:38', '2026-01-22 02:45:38'),
(165, '101235170165', '69746893', 'RA DARUSSALAM', 'Raudhatul Athfal', 'swasta', 'Jl. Cempaka Mojokembang', 'JAWA TIMUR', 'JOMBANG', 'MOJOWARNO', NULL, '2026-01-22 02:45:38', '2026-01-22 02:45:38'),
(166, '101235170166', '69746899', 'RA FAJRUL ISLAM', 'Raudhatul Athfal', 'swasta', 'Jl. Diponegoro No.34 RT/RW 04/05 Desa Gondek', 'JAWA TIMUR', 'JOMBANG', 'MOJOWARNO', NULL, '2026-01-22 02:45:38', '2026-01-22 02:45:38'),
(167, '101235170167', '69746894', 'RA FATHUL HUDA', 'Raudhatul Athfal', 'swasta', 'Jl. Kapten Tendean Dsn, Mulyorejo', 'JAWA TIMUR', 'JOMBANG', 'MOJOWARNO', NULL, '2026-01-22 02:45:38', '2026-01-22 02:45:38'),
(168, '101235170168', '69746907', 'RA MANSYAUL MAARIF', 'Raudhatul Athfal', 'swasta', 'Jl. Marga Utama No. 10', 'JAWA TIMUR', 'JOMBANG', 'MOJOWARNO', NULL, '2026-01-22 02:45:38', '2026-01-22 02:45:38'),
(169, '101235170169', '69746900', 'RA MIFTAHUL ULUM MOJOWARNO', 'Raudhatul Athfal', 'swasta', 'Jl Raya Cukir Mojowarno Jabaran RT.05/RW.01', 'JAWA TIMUR', 'JOMBANG', 'MOJOWARNO', NULL, '2026-01-22 02:45:38', '2026-01-22 02:45:38'),
(170, '101235170170', '69746886', 'RA MUSLIMAT AL-HIDAYAH II', 'Raudhatul Athfal', 'swasta', 'Jl.choirul Anwar rt 05 Rw 01', 'JAWA TIMUR', 'JOMBANG', 'MOJOWARNO', NULL, '2026-01-22 02:45:38', '2026-01-22 02:45:38'),
(171, '101235170171', '69746904', 'RA AL ANWAR', 'Raudhatul Athfal', 'swasta', 'Jl.Selumbung No. 171', 'JAWA TIMUR', 'JOMBANG', 'MOJOWARNO', NULL, '2026-01-22 02:45:38', '2026-01-22 02:45:38'),
(172, '101235170172', '69746898', 'RA DARUL FAIZIN 1', 'Raudhatul Athfal', 'swasta', 'Jl Yos Sudarso No.149 Rt.4/rw 11 CATAKGAYAM', 'JAWA TIMUR', 'JOMBANG', 'MOJOWARNO', NULL, '2026-01-22 02:45:38', '2026-01-22 02:45:38'),
(173, '101235170173', '69746887', 'RA MUSLIMAT MIFTAHUN NAJAH', 'Raudhatul Athfal', 'swasta', 'Jln. Sunan Derajat No.9 Bajang, Karanglo, Mojowarno', 'JAWA TIMUR', 'JOMBANG', 'MOJOWARNO', NULL, '2026-01-22 02:45:38', '2026-01-22 02:45:38'),
(174, '101235170174', '69746888', 'RA MUSLIMAT NAJATUD DAROINI', 'Raudhatul Athfal', 'swasta', 'Jl. Raya Gedangan no.60 RT/5 RW/2 Mojowarno', 'JAWA TIMUR', 'JOMBANG', 'MOJOWARNO', NULL, '2026-01-22 02:45:38', '2026-01-22 02:45:38'),
(175, '101235170175', '69746889', 'RA NURUL HIKMAH', 'Raudhatul Athfal', 'swasta', 'Jl. Gustam Kembang Sore', 'JAWA TIMUR', 'JOMBANG', 'MOJOWARNO', NULL, '2026-01-22 02:45:38', '2026-01-22 02:45:38'),
(176, '101235170176', '69746902', 'RA PERWANIDA MOJOWARNO', 'Raudhatul Athfal', 'swasta', 'Jl. Merdeka No. 242', 'JAWA TIMUR', 'JOMBANG', 'MOJOWARNO', NULL, '2026-01-22 02:45:38', '2026-01-22 02:45:38'),
(177, '101235170177', '69746908', 'RA ROHMATUL UMMAH', 'Raudhatul Athfal', 'swasta', 'Jl. Sunan Giri No. 45 Kedunglo', 'JAWA TIMUR', 'JOMBANG', 'MOJOWARNO', NULL, '2026-01-22 02:45:38', '2026-01-22 02:45:38'),
(178, '101235170178', '69746909', 'RA ROUDLOTUL ULUM 1', 'Raudhatul Athfal', 'swasta', 'Jl. MASJID BAITUSSALAM MOJODUWUR', 'JAWA TIMUR', 'JOMBANG', 'MOJOWARNO', NULL, '2026-01-22 02:45:38', '2026-01-22 02:45:38'),
(179, '101235170179', '69746903', 'RA ROUDLOTUL ULUM II', 'Raudhatul Athfal', 'swasta', 'MOJODUWUR', 'JAWA TIMUR', 'JOMBANG', 'MOJOWARNO', NULL, '2026-01-22 02:45:38', '2026-01-22 02:45:38'),
(180, '101235170180', '69746910', 'RA ROUDLOTUL ULUM III', 'Raudhatul Athfal', 'swasta', 'Jl. G Arjuno Juning', 'JAWA TIMUR', 'JOMBANG', 'MOJOWARNO', NULL, '2026-01-22 02:45:38', '2026-01-22 02:45:38'),
(181, '101235170181', '69746911', 'RA WALI SONGO MOJOWARNO', 'Raudhatul Athfal', 'swasta', 'LATSARI', 'JAWA TIMUR', 'JOMBANG', 'MOJOWARNO', NULL, '2026-01-22 02:45:38', '2026-01-22 02:45:38'),
(182, '101235170182', '69746917', 'RA MUSLIMAT AL AMAR', 'Raudhatul Athfal', 'swasta', 'Jl. Masjid  Sumbersari Rt 004/ Rw.001', 'JAWA TIMUR', 'JOMBANG', 'NGORO', NULL, '2026-01-22 02:45:38', '2026-01-22 02:45:38'),
(183, '101235170183', '69746925', 'RA AL-WASHOYA', 'Raudhatul Athfal', 'swasta', 'Jl Raya Kertorejo', 'JAWA TIMUR', 'JOMBANG', 'NGORO', NULL, '2026-01-22 02:45:38', '2026-01-22 02:45:38'),
(184, '101235170184', '69746912', 'RA DARUSSALAM', 'Raudhatul Athfal', 'swasta', 'Ngrembang, Rejoagung, Ngoro, Jombang', 'JAWA TIMUR', 'JOMBANG', 'NGORO', NULL, '2026-01-22 02:45:38', '2026-01-22 02:45:38'),
(185, '101235170185', '69746928', 'RA MSULIMAT HIDAYATUL MUBTADIIN', 'Raudhatul Athfal', 'swasta', 'Banjarpoh', 'JAWA TIMUR', 'JOMBANG', 'NGORO', NULL, '2026-01-22 02:45:38', '2026-01-22 02:45:38'),
(186, '101235170186', '69746914', 'RA ISLAMIYAH PADAR', 'Raudhatul Athfal', 'swasta', 'Dusun Padar', 'JAWA TIMUR', 'JOMBANG', 'NGORO', NULL, '2026-01-22 02:45:38', '2026-01-22 02:45:38'),
(187, '101235170187', '69746913', 'RA KARTINI', 'Raudhatul Athfal', 'swasta', 'Jln. Bromo Masjid Kertorejo Jumbatan', 'JAWA TIMUR', 'JOMBANG', 'NGORO', NULL, '2026-01-22 02:45:38', '2026-01-22 02:45:38'),
(188, '101235170188', '69746915', 'RA MUSLIMAT MIFTAHUL ULUM', 'Raudhatul Athfal', 'swasta', 'Jl.Masjid Al-Mujahidin Cermenan', 'JAWA TIMUR', 'JOMBANG', 'NGORO', NULL, '2026-01-22 02:45:38', '2026-01-22 02:45:38'),
(189, '101235170189', '69746916', 'RA MUSLIMAT', 'Raudhatul Athfal', 'swasta', 'PAYAK SANTREN RT. 004 RW. 003', 'JAWA TIMUR', 'JOMBANG', 'NGORO', NULL, '2026-01-22 02:45:38', '2026-01-22 02:45:38'),
(190, '101235170190', '69746927', 'RA MUSLIMAT AT-TAQWA SUGIHWARAS', 'Raudhatul Athfal', 'swasta', 'Jl. Masjid At-Taqwa No. 01', 'JAWA TIMUR', 'JOMBANG', 'NGORO', NULL, '2026-01-22 02:45:38', '2026-01-22 02:45:38'),
(191, '101235170191', '69746921', 'RA MUSLIMAT GENUKWATU', 'Raudhatul Athfal', 'swasta', 'Jl Doktren Mh. 04 Genukwatu', 'JAWA TIMUR', 'JOMBANG', 'NGORO', NULL, '2026-01-22 02:45:38', '2026-01-22 02:45:38'),
(192, '101235170192', '69746920', 'RA MUSLIMAT DARUSSALAM', 'Raudhatul Athfal', 'swasta', 'Malang Rejosari Gang 3 Rejoagung Ngoro Jombang', 'JAWA TIMUR', 'JOMBANG', 'NGORO', NULL, '2026-01-22 02:45:38', '2026-01-22 02:45:38'),
(193, '101235170193', '69746918', 'RA MUSLIMAT AL HUDA', 'Raudhatul Athfal', 'swasta', 'Merdeka No 173', 'JAWA TIMUR', 'JOMBANG', 'NGORO', NULL, '2026-01-22 02:45:38', '2026-01-22 02:45:38'),
(194, '101235170194', '69746926', 'RA MUSLIMAT AL-HIKMAH', 'Raudhatul Athfal', 'swasta', 'Dsn. Genjong Lor', 'JAWA TIMUR', 'JOMBANG', 'NGORO', NULL, '2026-01-22 02:45:38', '2026-01-22 02:45:38'),
(195, '101235170195', '69746919', 'RA MUSLIMAT ASHFIYAH', 'Raudhatul Athfal', 'swasta', 'PAYAK MUNDIL RT/RW 001/001', 'JAWA TIMUR', 'JOMBANG', 'NGORO', NULL, '2026-01-22 02:45:38', '2026-01-22 02:45:38'),
(196, '101235170196', '69746922', 'RA PERWANIDA', 'Raudhatul Athfal', 'swasta', 'Kuncung', 'JAWA TIMUR', 'JOMBANG', 'NGORO', NULL, '2026-01-22 02:45:38', '2026-01-22 02:45:38'),
(197, '101235170197', '69746923', 'RA RADEN RAHMAT', 'Raudhatul Athfal', 'swasta', 'Jl.sunan Kalijaga', 'JAWA TIMUR', 'JOMBANG', 'NGORO', NULL, '2026-01-22 02:45:38', '2026-01-22 02:45:38'),
(198, '101235170198', '69746924', 'RA WALI AMINAH', 'Raudhatul Athfal', 'swasta', 'Jl. KH. Ahmadi No 01 Ngasem', 'JAWA TIMUR', 'JOMBANG', 'NGORO', NULL, '2026-01-22 02:45:38', '2026-01-22 02:45:38'),
(199, '101235170199', '69746930', 'RA MUSLIMAT NU', 'Raudhatul Athfal', 'swasta', 'Jl. Raya Ploso Mojokerto RT. 001 RW. 003', 'JAWA TIMUR', 'JOMBANG', 'NGUSIKAN', NULL, '2026-01-22 02:45:38', '2026-01-22 02:45:38'),
(200, '101235170200', '69746931', 'RA MUSLIMAT NU', 'Raudhatul Athfal', 'swasta', 'Jl. Sunan Giri No.145', 'JAWA TIMUR', 'JOMBANG', 'NGUSIKAN', NULL, '2026-01-22 02:45:38', '2026-01-22 02:45:38'),
(201, '101235170201', '69746929', 'RA RADEN FATAH', 'Raudhatul Athfal', 'swasta', 'Jl. Margo Utomo No. 62', 'JAWA TIMUR', 'JOMBANG', 'NGUSIKAN', NULL, '2026-01-22 02:45:38', '2026-01-22 02:45:38'),
(202, '101235170202', '69746932', 'RA AL-HIDAYAH', 'Raudhatul Athfal', 'swasta', 'Dsn. Cangkring RT/RW 004/001 Ds. Cangkringrandu', 'JAWA TIMUR', 'JOMBANG', 'PERAK', NULL, '2026-01-22 02:45:38', '2026-01-22 02:45:38'),
(203, '101235170203', '69746933', 'RA BAITUL AMIN', 'Raudhatul Athfal', 'swasta', 'Jl. Raya Perak Jombang', 'JAWA TIMUR', 'JOMBANG', 'PERAK', NULL, '2026-01-22 02:45:38', '2026-01-22 02:45:38'),
(204, '101235170204', '69746938', 'RA MUSLIMAT AL-FAUZIYAH', 'Raudhatul Athfal', 'swasta', 'Jl. Raya Sembung-Gudo, Gg. Masjid No. 07', 'JAWA TIMUR', 'JOMBANG', 'PERAK', NULL, '2026-01-22 02:45:38', '2026-01-22 02:45:38'),
(205, '101235170205', '69746936', 'RAUDLATUL ATHFAL MUSLIMAT PAGERWOJO', 'Raudhatul Athfal', 'swasta', 'Jl. Masjid Desa Pagerwojo', 'JAWA TIMUR', 'JOMBANG', 'PERAK', NULL, '2026-01-22 02:45:38', '2026-01-22 02:45:38'),
(206, '101235170206', '69746937', 'RA MUSLIMAT ALMUKMININ', 'Raudhatul Athfal', 'swasta', 'Kalangan', 'JAWA TIMUR', 'JOMBANG', 'PERAK', NULL, '2026-01-22 02:45:38', '2026-01-22 02:45:38'),
(207, '101235170207', '69746939', 'RA MUSLIMAT', 'Raudhatul Athfal', 'swasta', 'Dsn. Juwet', 'JAWA TIMUR', 'JOMBANG', 'PERAK', NULL, '2026-01-22 02:45:38', '2026-01-22 02:45:38'),
(208, '101235170208', '69746943', 'RA MUSLIMAT', 'Raudhatul Athfal', 'swasta', 'Jl. Masjid Al-Mubin Sumberagung', 'JAWA TIMUR', 'JOMBANG', 'PERAK', NULL, '2026-01-22 02:45:38', '2026-01-22 02:45:38'),
(209, '101235170209', '69746944', 'RA AL-ABROR', 'Raudhatul Athfal', 'swasta', 'Dsn. Bulurejo RT. 001 RW. 001', 'JAWA TIMUR', 'JOMBANG', 'PERAK', NULL, '2026-01-22 02:45:38', '2026-01-22 02:45:38'),
(210, '101235170210', '69746934', 'RA MUSLIMAT PLOSOGENUK I', 'Raudhatul Athfal', 'swasta', 'Jl. Balai Desa Plosogenuk', 'JAWA TIMUR', 'JOMBANG', 'PERAK', NULL, '2026-01-22 02:45:38', '2026-01-22 02:45:38'),
(211, '101235170211', '69746945', 'RA MUSLIMAT KHULAFAURROSYIDIN', 'Raudhatul Athfal', 'swasta', 'Dsn. Ploso, RT/RW: 004/002, Ds. Plosogenuk', 'JAWA TIMUR', 'JOMBANG', 'PERAK', NULL, '2026-01-22 02:45:38', '2026-01-22 02:45:38'),
(212, '101235170212', '69746940', 'RA MUSLIMAT MIFTAHUL HUDA', 'Raudhatul Athfal', 'swasta', 'Tondowulan', 'JAWA TIMUR', 'JOMBANG', 'PERAK', NULL, '2026-01-22 02:45:38', '2026-01-22 02:45:38'),
(213, '101235170213', '69746941', 'RA PERWANIDA', 'Raudhatul Athfal', 'swasta', 'Jl. Raya Gadingmangu No.07 Perak Jombang', 'JAWA TIMUR', 'JOMBANG', 'PERAK', NULL, '2026-01-22 02:45:38', '2026-01-22 02:45:38'),
(214, '101235170214', '69746935', 'RA PERWANIDA', 'Raudhatul Athfal', 'swasta', 'Dsn Pedes Rt/Rw : 001/001', 'JAWA TIMUR', 'JOMBANG', 'PERAK', NULL, '2026-01-22 02:45:38', '2026-01-22 02:45:38'),
(215, '101235170215', '69746942', 'RA UMAR ZAHID PERAK', 'Raudhatul Athfal', 'swasta', 'Jalan Embong Miring No.82', 'JAWA TIMUR', 'JOMBANG', 'PERAK', NULL, '2026-01-22 02:45:38', '2026-01-22 02:45:38'),
(216, '101235170216', '69746949', 'RA AL-FATTAH', 'Raudhatul Athfal', 'swasta', 'Jl. Soekarno Hatta No.5 Jajar Kepuhkembeng Peterongan Jombang', 'JAWA TIMUR', 'JOMBANG', 'PETERONGAN', NULL, '2026-01-22 02:45:38', '2026-01-22 02:45:38'),
(217, '101235170217', '69746955', 'RA AL-HIDAYAH', 'Raudhatul Athfal', 'swasta', 'Budug Tugusumberjo', 'JAWA TIMUR', 'JOMBANG', 'PETERONGAN', NULL, '2026-01-22 02:45:38', '2026-01-22 02:45:38'),
(218, '101235170218', '69746952', 'RA AL-HIDAYAH PAGOTAN', 'Raudhatul Athfal', 'swasta', 'Pagotan Rt.002 Keplaksari', 'JAWA TIMUR', 'JOMBANG', 'PETERONGAN', NULL, '2026-01-22 02:45:38', '2026-01-22 02:45:38'),
(219, '101235170219', '69746946', 'RA AL KARAMAH', 'Raudhatul Athfal', 'swasta', 'Banjaranyar Sumberagung Peterongan Jombang', 'JAWA TIMUR', 'JOMBANG', 'PETERONGAN', NULL, '2026-01-22 02:45:38', '2026-01-22 02:45:38'),
(220, '101235170220', '69746953', 'RA HAYATUL ISLAM', 'Raudhatul Athfal', 'swasta', 'Ngrandu', 'JAWA TIMUR', 'JOMBANG', 'PETERONGAN', NULL, '2026-01-22 02:45:38', '2026-01-22 02:45:38'),
(221, '101235170221', '69746950', 'RA MIFTAHUL FALAH', 'Raudhatul Athfal', 'swasta', 'Gempoldampet Ngrandulor Peterongan Jombang', 'JAWA TIMUR', 'JOMBANG', 'PETERONGAN', NULL, '2026-01-22 02:45:38', '2026-01-22 02:45:38'),
(222, '101235170222', '69746947', 'RA MUSLIMAT MASYHARIYAH', 'Raudhatul Athfal', 'swasta', 'Temulawak Kebontemu', 'JAWA TIMUR', 'JOMBANG', 'PETERONGAN', NULL, '2026-01-22 02:45:38', '2026-01-22 02:45:38'),
(223, '101235170223', '69746951', 'RA NURUL HUDA', 'Raudhatul Athfal', 'swasta', 'Dsn. Pule Ds. Tanjunggunung', 'JAWA TIMUR', 'JOMBANG', 'PETERONGAN', NULL, '2026-01-22 02:45:38', '2026-01-22 02:45:38'),
(224, '101235170224', '69746956', 'RA NURUL ULUM', 'Raudhatul Athfal', 'swasta', 'Dsn. Tugu Rt 022 Rw 006', 'JAWA TIMUR', 'JOMBANG', 'PETERONGAN', NULL, '2026-01-22 02:45:38', '2026-01-22 02:45:38'),
(225, '101235170225', '69746948', 'RA PERWANIDA SENDEN', 'Raudhatul Athfal', 'swasta', 'Jl.kol H.ismail Rt.001 Rw.001 Senden', 'JAWA TIMUR', 'JOMBANG', 'PETERONGAN', NULL, '2026-01-22 02:45:38', '2026-01-22 02:45:38'),
(226, '101235170226', '69746954', 'RA RAHMAT SAID', 'Raudhatul Athfal', 'swasta', 'Dsn. Bongkot Rt. 18 Rw. 02 Ds. Bongkot', 'JAWA TIMUR', 'JOMBANG', 'PETERONGAN', NULL, '2026-01-22 02:45:38', '2026-01-22 02:45:38'),
(227, '101235170227', '69746963', 'RA AL-HIDAYAH', 'Raudhatul Athfal', 'swasta', 'Jl. Brumbung No.01 Bangsri Plandaan Jombang', 'JAWA TIMUR', 'JOMBANG', 'PLANDAAN', NULL, '2026-01-22 02:45:38', '2026-01-22 02:45:38'),
(228, '101235170228', '69746959', 'RA AL-MUSLIM', 'Raudhatul Athfal', 'swasta', 'Dsn.tanggungan', 'JAWA TIMUR', 'JOMBANG', 'PLANDAAN', NULL, '2026-01-22 02:45:38', '2026-01-22 02:45:38'),
(229, '101235170229', '69746958', 'RA AL-HIDAYAH', 'Raudhatul Athfal', 'swasta', 'Jl.  Abimanyu No.14', 'JAWA TIMUR', 'JOMBANG', 'PLANDAAN', NULL, '2026-01-22 02:45:38', '2026-01-22 02:45:38'),
(230, '101235170230', '69746957', 'RA AL-HIKMAH', 'Raudhatul Athfal', 'swasta', 'Jl. Klampisan No.14', 'JAWA TIMUR', 'JOMBANG', 'PLANDAAN', NULL, '2026-01-22 02:45:38', '2026-01-22 02:45:38'),
(231, '101235170231', '69746960', 'RA PERWANIDA', 'Raudhatul Athfal', 'swasta', 'Jl. Raya Brantas Ploso - Kertosono No.11 Jatimlerek', 'JAWA TIMUR', 'JOMBANG', 'PLANDAAN', NULL, '2026-01-22 02:45:38', '2026-01-22 02:45:38'),
(232, '101235170232', '69746961', 'RA PERWANIDA', 'Raudhatul Athfal', 'swasta', 'Jl. Gunung Arjuno No 03 Gebangbunder', 'JAWA TIMUR', 'JOMBANG', 'PLANDAAN', NULL, '2026-01-22 02:45:38', '2026-01-22 02:45:38'),
(233, '101235170233', '69746962', 'RA TERPADU', 'Raudhatul Athfal', 'swasta', 'Abdul Ghofar No. 1 Pojokklitih', 'JAWA TIMUR', 'JOMBANG', 'PLANDAAN', NULL, '2026-01-22 02:45:38', '2026-01-22 02:45:38'),
(234, '101235170234', '69746967', 'RA MUSLIMAT', 'Raudhatul Athfal', 'swasta', 'Jl.sumatra 00 Jatigedong Kecamatan Ploso Kabupaten Jombang', 'JAWA TIMUR', 'JOMBANG', 'PLOSO', NULL, '2026-01-22 02:45:38', '2026-01-22 02:45:38'),
(235, '101235170235', '69746965', 'RA NIZHAMIYAH', 'Raudhatul Athfal', 'swasta', 'REJOAGUNG', 'JAWA TIMUR', 'JOMBANG', 'PLOSO', NULL, '2026-01-22 02:45:38', '2026-01-22 02:45:38'),
(236, '101235170236', '69746966', 'RA NIZHAMIYAH DARUNNAJAH', 'Raudhatul Athfal', 'swasta', 'Jln. Joyolengkoro No.02', 'JAWA TIMUR', 'JOMBANG', 'PLOSO', NULL, '2026-01-22 02:45:38', '2026-01-22 02:45:38'),
(237, '101235170237', '69746968', 'RA NURUL HIDAYAH', 'Raudhatul Athfal', 'swasta', 'Jl.wartel dsn Kleco ds Tanggungkramat', 'JAWA TIMUR', 'JOMBANG', 'PLOSO', NULL, '2026-01-22 02:45:38', '2026-01-22 02:45:38'),
(238, '101235170238', '69746964', 'RA PERWANIDA', 'Raudhatul Athfal', 'swasta', 'Bima No 10', 'JAWA TIMUR', 'JOMBANG', 'PLOSO', NULL, '2026-01-22 02:45:38', '2026-01-22 02:45:38'),
(239, '101235170239', '69746976', 'RA AL-FALAH', 'Raudhatul Athfal', 'swasta', 'Jln. H. Sidiq No 08 Trawasan', 'JAWA TIMUR', 'JOMBANG', 'SUMOBITO', NULL, '2026-01-22 02:45:38', '2026-01-22 02:45:38'),
(240, '101235170240', '69746985', 'RA YPI AL-HIDAYAH', 'Raudhatul Athfal', 'swasta', 'PLEMAHAN', 'JAWA TIMUR', 'JOMBANG', 'SUMOBITO', NULL, '2026-01-22 02:45:38', '2026-01-22 02:45:38'),
(241, '101235170241', '69746977', 'RA AL-IKMAH', 'Raudhatul Athfal', 'swasta', 'Balongrejo', 'JAWA TIMUR', 'JOMBANG', 'SUMOBITO', NULL, '2026-01-22 02:45:38', '2026-01-22 02:45:38'),
(242, '101235170242', '69746970', 'RA AL HUDA', 'Raudhatul Athfal', 'swasta', 'Jl. KH. Abdur Rochim Modo', 'JAWA TIMUR', 'JOMBANG', 'SUMOBITO', NULL, '2026-01-22 02:45:38', '2026-01-22 02:45:38'),
(243, '101235170243', '69746969', 'RA AL-IHSAN', 'Raudhatul Athfal', 'swasta', 'Dsn. Jogoloyo Rt/Rw: 01/02', 'JAWA TIMUR', 'JOMBANG', 'SUMOBITO', NULL, '2026-01-22 02:45:38', '2026-01-22 02:45:38'),
(244, '101235170245', '69746978', 'RA AT-TAQWA', 'Raudhatul Athfal', 'swasta', 'Perintis No.01', 'JAWA TIMUR', 'JOMBANG', 'SUMOBITO', NULL, '2026-01-22 02:45:38', '2026-01-22 02:45:38'),
(245, '101235170246', '69746979', 'RA BUSTANUL ULUM', 'Raudhatul Athfal', 'swasta', 'JL.PAHLAWAN.NO .15', 'JAWA TIMUR', 'JOMBANG', 'SUMOBITO', NULL, '2026-01-22 02:45:38', '2026-01-22 02:45:38'),
(246, '101235170247', '69746972', 'RA BUSTANUL ULUM BRUDU', 'Raudhatul Athfal', 'swasta', 'Dusun Jeblok, RT. 002/RW.002', 'JAWA TIMUR', 'JOMBANG', 'SUMOBITO', NULL, '2026-01-22 02:45:38', '2026-01-22 02:45:38'),
(247, '101235170248', '69746973', 'RA DARUSSALAM', 'Raudhatul Athfal', 'swasta', 'Dsn Krajan Ds Curahmalang', 'JAWA TIMUR', 'JOMBANG', 'SUMOBITO', NULL, '2026-01-22 02:45:38', '2026-01-22 02:45:38');
INSERT INTO `madrasah` (`id`, `nsm`, `npsn`, `nama_madrasah`, `jenjang`, `status`, `alamat`, `provinsi`, `kabupaten`, `kecamatan`, `kepala_madrasah`, `created_at`, `updated_at`) VALUES
(248, '101235170249', '69746974', 'RA MIFTAHUL ULUM PLOSOKEREP', 'Raudhatul Athfal', 'swasta', 'Plosokerep', 'JAWA TIMUR', 'JOMBANG', 'SUMOBITO', NULL, '2026-01-22 02:45:38', '2026-01-22 02:45:38'),
(249, '101235170250', '69746982', 'RA MUSLIMAT BADAS', 'Raudhatul Athfal', 'swasta', 'Jl Masjid Al - Falach Dsn. Badas', 'JAWA TIMUR', 'JOMBANG', 'SUMOBITO', NULL, '2026-01-22 02:45:38', '2026-01-22 02:45:38'),
(250, '101235170251', '69746983', 'RA MUSLIMAT BUSTANUL-ULUM MOJOKURIPAN', 'Raudhatul Athfal', 'swasta', 'Mojokuripan', 'JAWA TIMUR', 'JOMBANG', 'SUMOBITO', NULL, '2026-01-22 02:45:38', '2026-01-22 02:45:38'),
(251, '101235170252', '69746980', 'RA MUSLIMAT BUSTANUL ULUM', 'Raudhatul Athfal', 'swasta', 'Sembujo', 'JAWA TIMUR', 'JOMBANG', 'SUMOBITO', NULL, '2026-01-22 02:45:38', '2026-01-22 02:45:38'),
(252, '101235170253', '69746975', 'RA PERWANIDA SUMOBITO', 'Raudhatul Athfal', 'swasta', 'JL. BASUKI RAHMAD SUMOBITO', 'JAWA TIMUR', 'JOMBANG', 'SUMOBITO', NULL, '2026-01-22 02:45:38', '2026-01-22 02:45:38'),
(253, '101235170254', '69746984', 'RA RADEN RAHMAT NGLELE', 'Raudhatul Athfal', 'swasta', 'Dsn. Ngrumek', 'JAWA TIMUR', 'JOMBANG', 'SUMOBITO', NULL, '2026-01-22 02:45:38', '2026-01-22 02:45:38'),
(254, '101235170255', '69746990', 'RA AL-IHSAN', 'Raudhatul Athfal', 'swasta', 'Jl. Anggrek No. 22', 'JAWA TIMUR', 'JOMBANG', 'TEMBELANG', NULL, '2026-01-22 02:45:38', '2026-01-22 02:45:38'),
(255, '101235170256', '69746991', 'RA DARUL ULUM KEPUHDOKO', 'Raudhatul Athfal', 'swasta', 'Komplek Pp Darul Ulum Kepuhdoko', 'JAWA TIMUR', 'JOMBANG', 'TEMBELANG', NULL, '2026-01-22 02:45:38', '2026-01-22 02:45:38'),
(256, '101235170257', '69746986', 'RA ISLAMIYAH', 'Raudhatul Athfal', 'swasta', 'Jln.raya melik bedahlawak tembelang jombang', 'JAWA TIMUR', 'JOMBANG', 'TEMBELANG', NULL, '2026-01-22 02:45:38', '2026-01-22 02:45:38'),
(257, '101235170258', '69746992', 'RA MADINATUL ULUM', 'Raudhatul Athfal', 'swasta', 'Mojokrapak', 'JAWA TIMUR', 'JOMBANG', 'TEMBELANG', NULL, '2026-01-22 02:45:38', '2026-01-22 02:45:38'),
(258, '101235170259', '69746987', 'RA MIFTAHUL MAARIF', 'Raudhatul Athfal', 'swasta', 'Jl. K Nuh Balongombo', 'JAWA TIMUR', 'JOMBANG', 'TEMBELANG', NULL, '2026-01-22 02:45:38', '2026-01-22 02:45:38'),
(259, '101235170260', '69746993', 'RA MUSLIMAT', 'Raudhatul Athfal', 'swasta', 'Jl.walet', 'JAWA TIMUR', 'JOMBANG', 'TEMBELANG', NULL, '2026-01-22 02:45:38', '2026-01-22 02:45:38'),
(260, '101235170261', '69746994', 'RA NIZHOMIYAH', 'Raudhatul Athfal', 'swasta', 'Jl.a Yani 34', 'JAWA TIMUR', 'JOMBANG', 'TEMBELANG', NULL, '2026-01-22 02:45:38', '2026-01-22 02:45:38'),
(261, '101235170262', '69746988', 'RA PERWANIDA', 'Raudhatul Athfal', 'swasta', 'Kedunggalih', 'JAWA TIMUR', 'JOMBANG', 'TEMBELANG', NULL, '2026-01-22 02:45:38', '2026-01-22 02:45:38'),
(262, '101235170263', '69746995', 'RA PERWANIDA', 'Raudhatul Athfal', 'swasta', 'Jl Melati No 21', 'JAWA TIMUR', 'JOMBANG', 'TEMBELANG', NULL, '2026-01-22 02:45:38', '2026-01-22 02:45:38'),
(263, '101235170264', '69995052', 'RA PERWANIDA', 'Raudhatul Athfal', 'swasta', 'Jl. Delima No 87 Pulogedang', 'JAWA TIMUR', 'JOMBANG', 'TEMBELANG', NULL, '2026-01-22 02:45:38', '2026-01-22 02:45:38'),
(264, '101235170265', '69746989', 'RA SYAFA\'AT', 'Raudhatul Athfal', 'swasta', 'Raya Pesantren', 'JAWA TIMUR', 'JOMBANG', 'TEMBELANG', NULL, '2026-01-22 02:45:38', '2026-01-22 02:45:38'),
(265, '101235170266', '69746997', 'RA AL-AKBAR', 'Raudhatul Athfal', 'swasta', 'Dsn. Pengajaran', 'JAWA TIMUR', 'JOMBANG', 'WONOSALAM', NULL, '2026-01-22 02:45:38', '2026-01-22 02:45:38'),
(266, '101235170267', '69746998', 'RA ANJASMORO', 'Raudhatul Athfal', 'swasta', 'Jl. Padepokan Tegopati, Dsn Anjasmoro', 'JAWA TIMUR', 'JOMBANG', 'WONOSALAM', NULL, '2026-01-22 02:45:38', '2026-01-22 02:45:38'),
(267, '101235170268', '69747001', 'RA FASER', 'Raudhatul Athfal', 'swasta', 'Dsn. Mendiro', 'JAWA TIMUR', 'JOMBANG', 'WONOSALAM', NULL, '2026-01-22 02:45:38', '2026-01-22 02:45:38'),
(268, '101235170269', '69747000', 'RA PERWANIDA I', 'Raudhatul Athfal', 'swasta', 'JLN MASJID DSN SUMBER', 'JAWA TIMUR', 'JOMBANG', 'WONOSALAM', NULL, '2026-01-22 02:45:38', '2026-01-22 02:45:38'),
(269, '101235170270', '69746999', 'RA PERWANIDA II', 'Raudhatul Athfal', 'swasta', 'Dsn. Sumber', 'JAWA TIMUR', 'JOMBANG', 'WONOSALAM', NULL, '2026-01-22 02:45:38', '2026-01-22 02:45:38'),
(270, '101235170271', '69746901', 'RA MUSLIAMAT ZUMROTUL FAIZIN', 'Raudhatul Athfal', 'swasta', 'Jl Mojogeneng', 'JAWA TIMUR', 'JOMBANG', 'MOJOWARNO', NULL, '2026-01-22 02:45:38', '2026-01-22 02:45:38'),
(271, '101235170272', '69746799', 'RA MUSLIMAT BINA INSANI', 'Raudhatul Athfal', 'swasta', 'Jl. Masjid Berjel', 'JAWA TIMUR', 'JOMBANG', 'GUDO', NULL, '2026-01-22 02:45:38', '2026-01-22 02:45:38'),
(272, '101235170273', '69746981', 'RA AISYIYAH BUSTANUL ATHFAL', 'Raudhatul Athfal', 'swasta', 'Jl. Gebyaran No. 01', 'JAWA TIMUR', 'JOMBANG', 'SUMOBITO', NULL, '2026-01-22 02:45:38', '2026-01-22 02:45:38'),
(273, '101235170274', '69885201', 'RA AN-NUR', 'Raudhatul Athfal', 'swasta', 'Jln Melati No. 154 Sumbersari', 'JAWA TIMUR', 'JOMBANG', 'MEGALUH', NULL, '2026-01-22 02:45:38', '2026-01-22 02:45:38'),
(274, '101235170275', '69885204', 'RA AL-BAROKAH', 'Raudhatul Athfal', 'swasta', 'Kendayaan', 'JAWA TIMUR', 'JOMBANG', 'PLANDAAN', NULL, '2026-01-22 02:45:38', '2026-01-22 02:45:38'),
(275, '101235170276', '69885199', 'RA AR ROUDLAH', 'Raudhatul Athfal', 'swasta', 'Jl. Raya Ceweng Dusun Ceweng Rt 04 Rw 01', 'JAWA TIMUR', 'JOMBANG', 'DIWEK', NULL, '2026-01-22 02:45:38', '2026-01-22 02:45:38'),
(276, '101235170277', '69885205', 'RA AL-HIDAYAH', 'Raudhatul Athfal', 'swasta', 'Dusun Sumber Lamong', 'JAWA TIMUR', 'JOMBANG', 'WONOSALAM', NULL, '2026-01-22 02:45:38', '2026-01-22 02:45:38'),
(277, '101235170278', '69885202', 'RA AL HIKMAH', 'Raudhatul Athfal', 'swasta', 'KESAMBEN', 'JAWA TIMUR', 'JOMBANG', 'NGORO', NULL, '2026-01-22 02:45:38', '2026-01-22 02:45:38'),
(278, '101235170279', '69885203', 'RA NURUL HUDA', 'Raudhatul Athfal', 'swasta', 'Jl. Tanjung Baru No. 17', 'JAWA TIMUR', 'JOMBANG', 'NGUSIKAN', NULL, '2026-01-22 02:45:38', '2026-01-22 02:45:38'),
(279, '101235170280', '69885200', 'RA ABDUL WAHID', 'Raudhatul Athfal', 'swasta', 'Cutnyak Dien No.35 Jombang', 'JAWA TIMUR', 'JOMBANG', 'JOMBANG', NULL, '2026-01-22 02:45:38', '2026-01-22 02:45:38'),
(280, '101235170281', '69885198', 'RA KHOIRUN NISSA', 'Raudhatul Athfal', 'swasta', 'DUSUN TEGALREJO', 'JAWA TIMUR', 'JOMBANG', 'BARENG', NULL, '2026-01-22 02:45:38', '2026-01-22 02:45:38'),
(281, '101235170282', '69887653', 'RA AL ALIM', 'Raudhatul Athfal', 'swasta', 'Jl. Dipo No. 3 Gerbo Rt 4 Rw 3', 'JAWA TIMUR', 'JOMBANG', 'MOJOWARNO', NULL, '2026-01-22 02:45:38', '2026-01-22 02:45:38'),
(282, '101235170283', '69898153', 'RA BAITUL MUTTAQIN', 'Raudhatul Athfal', 'swasta', 'Jl Sirsat', 'JAWA TIMUR', 'JOMBANG', 'MOJOAGUNG', NULL, '2026-01-22 02:45:38', '2026-01-22 02:45:38'),
(283, '101235170284', '69898155', 'RA AR-RAHMAT', 'Raudhatul Athfal', 'swasta', 'Sumberwinong Rt 02 Rw 04', 'JAWA TIMUR', 'JOMBANG', 'MOJOWARNO', NULL, '2026-01-22 02:45:38', '2026-01-22 02:45:38'),
(284, '101235170285', '69898157', 'RA AL-KHODIJAH', 'Raudhatul Athfal', 'swasta', 'Brudu Sumobito Jombang', 'JAWA TIMUR', 'JOMBANG', 'SUMOBITO', NULL, '2026-01-22 02:45:38', '2026-01-22 02:45:38'),
(285, '101235170286', '69898151', 'RA ISLAMIYAH', 'Raudhatul Athfal', 'swasta', 'Jl. Sidomakmur', 'JAWA TIMUR', 'JOMBANG', 'KESAMBEN', NULL, '2026-01-22 02:45:38', '2026-01-22 02:45:38'),
(286, '101235170287', '69898158', 'RA AL AZZA', 'Raudhatul Athfal', 'swasta', 'Dsn. Rejosari', 'JAWA TIMUR', 'JOMBANG', 'SUMOBITO', NULL, '2026-01-22 02:45:38', '2026-01-22 02:45:38'),
(287, '101235170288', '69898154', 'RA SUNAN AMPEL', 'Raudhatul Athfal', 'swasta', 'Jl. Desa Seketi Nomor. 1', 'JAWA TIMUR', 'JOMBANG', 'MOJOAGUNG', NULL, '2026-01-22 02:45:38', '2026-01-22 02:45:38'),
(288, '101235170289', '69898148', 'RA SITI KHODIJAH', 'Raudhatul Athfal', 'swasta', 'Desa Bendet Rt 06 Rw 03', 'JAWA TIMUR', 'JOMBANG', 'DIWEK', NULL, '2026-01-22 02:45:38', '2026-01-22 02:45:38'),
(289, '101235170291', '69898156', 'RA NURUL HUDA', 'Raudhatul Athfal', 'swasta', 'JL.Wachid Hasyim Dusun Ngenden RT/RW. 004/001', 'JAWA TIMUR', 'JOMBANG', 'MOJOWARNO', NULL, '2026-01-22 02:45:38', '2026-01-22 02:45:38'),
(290, '101235170293', '69898150', 'RA HIDAYATUL MUBTADI IN', 'Raudhatul Athfal', 'swasta', 'Jl. Kampung Pucangro 005/002', 'JAWA TIMUR', 'JOMBANG', 'GUDO', NULL, '2026-01-22 02:45:38', '2026-01-22 02:45:38'),
(291, '101235170294', '69941150', 'RA LENTERA BUNDA', 'Raudhatul Athfal', 'swasta', 'Dusun: Tempel, Desa: Darurejo, Kec: Plandaan', 'JAWA TIMUR', 'JOMBANG', 'PLANDAAN', NULL, '2026-01-22 02:45:38', '2026-01-22 02:45:38'),
(292, '101235170295', '69977614', 'RA AL-IKHLAS', 'Raudhatul Athfal', 'swasta', 'DUSUN GEMPOL RT.002, RW. 001, DESA KARANGPAKIS, KEC. KABUH, KAB. JOMBANG', 'JAWA TIMUR', 'JOMBANG', 'KABUH', NULL, '2026-01-22 02:45:38', '2026-01-22 02:45:38'),
(293, '101235170296', '69977615', 'RA USSISA ALA TAQWA', 'Raudhatul Athfal', 'swasta', 'Jln. Basuki Dsn. Legundi', 'JAWA TIMUR', 'JOMBANG', 'GUDO', NULL, '2026-01-22 02:45:38', '2026-01-22 02:45:38'),
(294, '101235170297', '69977616', 'RA DARUL \'ULUM', 'Raudhatul Athfal', 'swasta', 'Jl. KH. Hasyim Asyari 171', 'JAWA TIMUR', 'JOMBANG', 'DIWEK', NULL, '2026-01-22 02:45:38', '2026-01-22 02:45:38'),
(295, '101235170298', '69994616', 'RA AL JABBAR', 'Raudhatul Athfal', 'swasta', 'Gang Buntu Dusun Pulorejo No. 111', 'JAWA TIMUR', 'JOMBANG', 'NGORO', NULL, '2026-01-22 02:45:38', '2026-01-22 02:45:38'),
(296, '101235170299', '69993729', 'RA AL-AKBAR', 'Raudhatul Athfal', 'swasta', 'DSN.JETIS DS.MANCILAN MOJOAGUNG JOMBANG', 'JAWA TIMUR', 'JOMBANG', 'MOJOAGUNG', NULL, '2026-01-22 02:45:38', '2026-01-22 02:45:38'),
(297, '101235170300', '69993480', 'RA AHLUL QUR AN', 'Raudhatul Athfal', 'swasta', 'JL. IRIAN JAYA PO. BOX. 18 TEBUIRENG', 'JAWA TIMUR', 'JOMBANG', 'DIWEK', NULL, '2026-01-22 02:45:38', '2026-01-22 02:45:38'),
(298, '101235170301', '69994781', 'RA NIDHOMIYAH', 'Raudhatul Athfal', 'swasta', 'SUMBERPACING SUMBERSARI MEGALUH JOMBANG', 'JAWA TIMUR', 'JOMBANG', 'MEGALUH', NULL, '2026-01-22 02:45:38', '2026-01-22 02:45:38'),
(299, '101235170302', '70006267', 'RA AL HIKMAH', 'Raudhatul Athfal', 'swasta', 'JL. RONOHARJO NO. 9', 'JAWA TIMUR', 'JOMBANG', 'MOJOWARNO', NULL, '2026-01-22 02:45:38', '2026-01-22 02:45:38'),
(300, '101235170303', '70027706', 'RA NAHDLATUS SHIBYAN', 'Raudhatul Athfal', 'swasta', 'RT/RW 003/006 Banggle Dapurkejambon Jombang', 'JAWA TIMUR', 'JOMBANG', 'JOMBANG', NULL, '2026-01-22 02:45:38', '2026-01-22 02:45:38'),
(301, '101235170304', '70026543', 'RA HATI BUNDA', 'Raudhatul Athfal', 'swasta', 'jl.Raya kartini rt/rw002/002', 'JAWA TIMUR', 'JOMBANG', 'DIWEK', NULL, '2026-01-22 02:45:38', '2026-01-22 02:45:38'),
(302, '111135170001', '60717331', 'MIN 3 JOMBANG', 'Madrasah Ibtidaiyah', 'negeri', 'Jl. Raya Pucangsimo No.1', 'JAWA TIMUR', 'JOMBANG', 'BANDARKEDUNGMULYO', NULL, '2026-01-22 02:45:38', '2026-01-22 02:45:38'),
(303, '111135170002', '60717416', 'MIN 1 JOMBANG', 'Madrasah Ibtidaiyah', 'negeri', 'Jl. Abd. Rahman Saleh III / 8A', 'JAWA TIMUR', 'JOMBANG', 'JOMBANG', NULL, '2026-01-22 02:45:38', '2026-01-22 02:45:38'),
(304, '111135170003', '60717451', 'MIN 5 JOMBANG', 'Madrasah Ibtidaiyah', 'negeri', 'Jl. Raya Brantas No. 121 A', 'JAWA TIMUR', 'JOMBANG', 'KUDU', NULL, '2026-01-22 02:45:38', '2026-01-22 02:45:38'),
(305, '111135170004', '60717538', 'MIN 4 JOMBANG', 'Madrasah Ibtidaiyah', 'negeri', 'Jl. Rejoso Pondok Pesantren Darul Ulum Peterongan Jombang', 'JAWA TIMUR', 'JOMBANG', 'PETERONGAN', NULL, '2026-01-22 02:45:38', '2026-01-22 02:45:38'),
(306, '111135170005', '60717550', 'MIN 2 JOMBANG', 'Madrasah Ibtidaiyah', 'negeri', 'Jl .raya Klitih No.70 Klitih Plandaan Jombang', 'JAWA TIMUR', 'JOMBANG', 'PLANDAAN', NULL, '2026-01-22 02:45:38', '2026-01-22 02:45:38'),
(307, '111235170001', '60717342', 'MIS AL-ASY\'ARIYAH', 'Madrasah Ibtidaiyah', 'swasta', 'Jl. Raya Utama No. 57', 'JAWA TIMUR', 'JOMBANG', 'BANDARKEDUNGMULYO', NULL, '2026-01-22 02:45:38', '2026-01-22 02:45:38'),
(308, '111235170002', '60717332', 'MIS AL-HIKMAH GONDANGMANIS', 'Madrasah Ibtidaiyah', 'swasta', 'JL. PROTOKOL NO.137 DS. GONDANGMANIS KEC. BANDARKEDUNGMULYO KAB. JOMBANG', 'JAWA TIMUR', 'JOMBANG', 'BANDARKEDUNGMULYO', NULL, '2026-01-22 02:45:38', '2026-01-22 02:45:38'),
(309, '111235170003', '60717333', 'MIS AL IHSAN BANDARKEDUNGMULYO', 'Madrasah Ibtidaiyah', 'swasta', 'Raya Bandarkedungmulyo No. 25', 'JAWA TIMUR', 'JOMBANG', 'BANDARKEDUNGMULYO', NULL, '2026-01-22 02:45:38', '2026-01-22 02:45:38'),
(310, '111235170004', '60717334', 'MIS BUSTANUL MUTAALIMIN', 'Madrasah Ibtidaiyah', 'swasta', 'DSN MOJOTENGAH RT/RW 001/003', 'JAWA TIMUR', 'JOMBANG', 'BANDARKEDUNGMULYO', NULL, '2026-01-22 02:45:38', '2026-01-22 02:45:38'),
(311, '111235170005', '60717335', 'MIS DARUL MA\'ARIF', 'Madrasah Ibtidaiyah', 'swasta', 'Jl. Raya Brodot No.25', 'JAWA TIMUR', 'JOMBANG', 'BANDARKEDUNGMULYO', NULL, '2026-01-22 02:45:38', '2026-01-22 02:45:38'),
(312, '111235170006', '60717343', 'MIS IRSYADUT THOLIBIN', 'Madrasah Ibtidaiyah', 'swasta', 'Dsn Sawahan Desa Barongsawahan', 'JAWA TIMUR', 'JOMBANG', 'BANDARKEDUNGMULYO', NULL, '2026-01-22 02:45:38', '2026-01-22 02:45:38'),
(313, '111235170007', '60717344', 'MIS MAMBAUL MAARIF', 'Madrasah Ibtidaiyah', 'swasta', 'Jl. Raya Karangdagangan', 'JAWA TIMUR', 'JOMBANG', 'BANDARKEDUNGMULYO', NULL, '2026-01-22 02:45:38', '2026-01-22 02:45:38'),
(314, '111235170008', '60717336', 'MIS RAUDLATUL ULUM I', 'Madrasah Ibtidaiyah', 'swasta', 'Jalan Raya Brangkal No. 02', 'JAWA TIMUR', 'JOMBANG', 'BANDARKEDUNGMULYO', NULL, '2026-01-22 02:45:38', '2026-01-22 02:45:38'),
(315, '111235170009', '60717339', 'MIS RAUDLATUL ULUM II', 'Madrasah Ibtidaiyah', 'swasta', 'Jl. Dsn Proko', 'JAWA TIMUR', 'JOMBANG', 'BANDARKEDUNGMULYO', NULL, '2026-01-22 02:45:38', '2026-01-22 02:45:38'),
(316, '111235170010', '60717340', 'MIS SUBULUSSALAM', 'Madrasah Ibtidaiyah', 'swasta', 'Jl. Raya Pucangsimo', 'JAWA TIMUR', 'JOMBANG', 'BANDARKEDUNGMULYO', NULL, '2026-01-22 02:45:38', '2026-01-22 02:45:38'),
(317, '111235170011', '60717337', 'MIS SUNAN KALIJOGO 1', 'Madrasah Ibtidaiyah', 'swasta', 'JL. RAYA TINGGAR NO. 35', 'JAWA TIMUR', 'JOMBANG', 'BANDARKEDUNGMULYO', NULL, '2026-01-22 02:45:38', '2026-01-22 02:45:38'),
(318, '111235170012', '60717341', 'MIS SUNAN KALIJOGO 2', 'Madrasah Ibtidaiyah', 'swasta', 'Dsn. Tinggar Desa Tinggar', 'JAWA TIMUR', 'JOMBANG', 'BANDARKEDUNGMULYO', NULL, '2026-01-22 02:45:38', '2026-01-22 02:45:38'),
(319, '111235170013', '60717338', 'MIS UMAR ZAHID SEMELO', 'Madrasah Ibtidaiyah', 'swasta', 'Jl. Madrasah Rt.06 Rw.01 Ds. Kayen Bandar Km', 'JAWA TIMUR', 'JOMBANG', 'BANDARKEDUNGMULYO', NULL, '2026-01-22 02:45:38', '2026-01-22 02:45:38'),
(320, '111235170014', '60717345', 'MIS AL HIKMAH', 'Madrasah Ibtidaiyah', 'swasta', 'Jl. Ubalan No. 1', 'JAWA TIMUR', 'JOMBANG', 'BARENG', NULL, '2026-01-22 02:45:38', '2026-01-22 02:45:38'),
(321, '111235170015', '60717346', 'MIS AL IHSAN', 'Madrasah Ibtidaiyah', 'swasta', 'Jl. Pepaya 6A Banjaragung', 'JAWA TIMUR', 'JOMBANG', 'BARENG', NULL, '2026-01-22 02:45:38', '2026-01-22 02:45:38'),
(322, '111235170016', '60717347', 'MIS ISLAMIYAH ALWATHANIYAH', 'Madrasah Ibtidaiyah', 'swasta', 'Jl. Sultan Agung 18 Mojoanyar', 'JAWA TIMUR', 'JOMBANG', 'BARENG', NULL, '2026-01-22 02:45:38', '2026-01-22 02:45:38'),
(323, '111235170017', '60717348', 'MIS AL-HIKMAH PAKEL', 'Madrasah Ibtidaiyah', 'swasta', 'Jl.ky.irsyad No. 86 Rt 02 Rw 03', 'JAWA TIMUR', 'JOMBANG', 'BARENG', NULL, '2026-01-22 02:45:38', '2026-01-22 02:45:38'),
(324, '111235170018', '60717349', 'MIS BAHRUL ULUM', 'Madrasah Ibtidaiyah', 'swasta', 'Jl. Siroturroghibin No. 00 Kebondalem', 'JAWA TIMUR', 'JOMBANG', 'BARENG', NULL, '2026-01-22 02:45:38', '2026-01-22 02:45:38'),
(325, '111235170019', '60717350', 'MIS DARUL HIKMAH KARANGAN', 'Madrasah Ibtidaiyah', 'swasta', 'Karangan', 'JAWA TIMUR', 'JOMBANG', 'BARENG', NULL, '2026-01-22 02:45:38', '2026-01-22 02:45:38'),
(326, '111235170020', '60717351', 'MIS DARUL HIKMAH TEBEL', 'Madrasah Ibtidaiyah', 'swasta', 'Dusun Jlopo RT.003 RW.001', 'JAWA TIMUR', 'JOMBANG', 'BARENG', NULL, '2026-01-22 02:45:38', '2026-01-22 02:45:38'),
(327, '111235170021', '60717352', 'MIS FATHUL ULUM', 'Madrasah Ibtidaiyah', 'swasta', 'Jl. Manunggal Kopen', 'JAWA TIMUR', 'JOMBANG', 'BARENG', NULL, '2026-01-22 02:45:38', '2026-01-22 02:45:38'),
(328, '111235170022', '60717353', 'MIS ISLAMIYAH DADIREJO', 'Madrasah Ibtidaiyah', 'swasta', 'Jl Mbah Fatah Iman No.03  Dadirejo', 'JAWA TIMUR', 'JOMBANG', 'BARENG', NULL, '2026-01-22 02:45:38', '2026-01-22 02:45:38'),
(329, '111235170023', '60717354', 'MIS NURUL ISLAM', 'Madrasah Ibtidaiyah', 'swasta', 'Jl. Dr. Sutomo No. 117', 'JAWA TIMUR', 'JOMBANG', 'BARENG', NULL, '2026-01-22 02:45:38', '2026-01-22 02:45:38'),
(330, '111235170024', '60717355', 'MIS PERWANIDA', 'Madrasah Ibtidaiyah', 'swasta', 'Plosorejo', 'JAWA TIMUR', 'JOMBANG', 'BARENG', NULL, '2026-01-22 02:45:38', '2026-01-22 02:45:38'),
(331, '111235170025', '60717356', 'MIS AL-ADNANI', 'Madrasah Ibtidaiyah', 'swasta', 'Jl.masjid Al-Adnani Kayangan Diwek Jombang 61471', 'JAWA TIMUR', 'JOMBANG', 'DIWEK', NULL, '2026-01-22 02:45:38', '2026-01-22 02:45:38'),
(332, '111235170026', '60717357', 'MIS AL URWATUL WUTSQO 1', 'Madrasah Ibtidaiyah', 'swasta', 'Jl. KH. Yaqub Husein Bulurejo', 'JAWA TIMUR', 'JOMBANG', 'DIWEK', NULL, '2026-01-22 02:45:38', '2026-01-22 02:45:38'),
(333, '111235170027', '60717358', 'MIS AL URWATUL WUTSQO II BEDOK', 'Madrasah Ibtidaiyah', 'swasta', 'Jalan Masjid Baiturrahman Bedok', 'JAWA TIMUR', 'JOMBANG', 'DIWEK', NULL, '2026-01-22 02:45:38', '2026-01-22 02:45:38'),
(334, '111235170028', '60717359', 'MIS AL-ASAD', 'Madrasah Ibtidaiyah', 'swasta', 'Jl. Masjid No.06, Brambang Diwek Jombang', 'JAWA TIMUR', 'JOMBANG', 'DIWEK', NULL, '2026-01-22 02:45:38', '2026-01-22 02:45:38'),
(335, '111235170029', '60717360', 'MIS AL-ASY\'ARI', 'Madrasah Ibtidaiyah', 'swasta', 'Jl. Pon. Pes. Al-Asyari', 'JAWA TIMUR', 'JOMBANG', 'DIWEK', NULL, '2026-01-22 02:45:38', '2026-01-22 02:45:38'),
(336, '111235170030', '60717361', 'MIS AL-HILAL', 'Madrasah Ibtidaiyah', 'swasta', 'Balongombo', 'JAWA TIMUR', 'JOMBANG', 'DIWEK', NULL, '2026-01-22 02:45:38', '2026-01-22 02:45:38'),
(337, '111235170031', '60717362', 'MIS AL-MA\'RUF BEYAN', 'Madrasah Ibtidaiyah', 'swasta', 'Beyan Pandanwangi', 'JAWA TIMUR', 'JOMBANG', 'DIWEK', NULL, '2026-01-22 02:45:38', '2026-01-22 02:45:38'),
(338, '111235170032', '60717363', 'MIS AL QOSIMY', 'Madrasah Ibtidaiyah', 'swasta', 'Dsn Gendong RT001/ RW007', 'JAWA TIMUR', 'JOMBANG', 'DIWEK', NULL, '2026-01-22 02:45:38', '2026-01-22 02:45:38'),
(339, '111235170033', '60717364', 'MIS AR-ROHMAN', 'Madrasah Ibtidaiyah', 'swasta', 'JL. MASJID BAITURROHMAN NO.12 RT. 012 RW.006', 'JAWA TIMUR', 'JOMBANG', 'DIWEK', NULL, '2026-01-22 02:45:38', '2026-01-22 02:45:38'),
(340, '111235170034', '60726990', 'MIS DAARUS SALAAM', 'Madrasah Ibtidaiyah', 'swasta', 'Jl.Gerilya, Keras Diwek Jombang', 'JAWA TIMUR', 'JOMBANG', 'DIWEK', NULL, '2026-01-22 02:45:38', '2026-01-22 02:45:38'),
(341, '111235170035', '60717365', 'MIS DARUL HIKMAH', 'Madrasah Ibtidaiyah', 'swasta', 'Jln. H. Umar No. 17 Bandungsari', 'JAWA TIMUR', 'JOMBANG', 'DIWEK', NULL, '2026-01-22 02:45:38', '2026-01-22 02:45:38'),
(342, '111235170036', '60717366', 'MIS DARUL HIKMAH', 'Madrasah Ibtidaiyah', 'swasta', 'Jl. Raya Gg. Masjid Besar Diwek No. 67', 'JAWA TIMUR', 'JOMBANG', 'DIWEK', NULL, '2026-01-22 02:45:38', '2026-01-22 02:45:38'),
(343, '111235170037', '60717367', 'MIS DARUL ULUM', 'Madrasah Ibtidaiyah', 'swasta', 'Kh. Hasyim Asyari 171 Mojosongo', 'JAWA TIMUR', 'JOMBANG', 'DIWEK', NULL, '2026-01-22 02:45:38', '2026-01-22 02:45:38'),
(344, '111235170038', '60717368', 'MIS DARUS SALAM', 'Madrasah Ibtidaiyah', 'swasta', 'kayen Gg II', 'JAWA TIMUR', 'JOMBANG', 'DIWEK', NULL, '2026-01-22 02:45:38', '2026-01-22 02:45:38'),
(345, '111235170039', '60717369', 'MIS HIDAYATUL MUBTADIIN', 'Madrasah Ibtidaiyah', 'swasta', 'Jl.wongsokromo', 'JAWA TIMUR', 'JOMBANG', 'DIWEK', NULL, '2026-01-22 02:45:38', '2026-01-22 02:45:38'),
(346, '111235170040', '60717370', 'MIS ISLAMIYAH BENDET', 'Madrasah Ibtidaiyah', 'swasta', 'Jl. KH. Moch. Badjoeri No. 06', 'JAWA TIMUR', 'JOMBANG', 'DIWEK', NULL, '2026-01-22 02:45:38', '2026-01-22 02:45:38'),
(347, '111235170041', '60717371', 'MIS MIFTAHUL HUDA', 'Madrasah Ibtidaiyah', 'swasta', 'Jln. Cukir Mojowarno No. 167 Tanjunganom', 'JAWA TIMUR', 'JOMBANG', 'DIWEK', NULL, '2026-01-22 02:45:38', '2026-01-22 02:45:38'),
(348, '111235170042', '60717372', 'MIS MIFTAHUL ULUM KEDAWONG', 'Madrasah Ibtidaiyah', 'swasta', 'Kedawong', 'JAWA TIMUR', 'JOMBANG', 'DIWEK', NULL, '2026-01-22 02:45:38', '2026-01-22 02:45:38'),
(349, '111235170043', '60717373', 'MIS MIFTAHUL ULUM JATIPELEM', 'Madrasah Ibtidaiyah', 'swasta', 'Jalan Raya Jatipelem No. 24', 'JAWA TIMUR', 'JOMBANG', 'DIWEK', NULL, '2026-01-22 02:45:38', '2026-01-22 02:45:38'),
(350, '111235170044', '60717374', 'MIS NURUL IMAN', 'Madrasah Ibtidaiyah', 'swasta', 'Jln. Raya Cukir-Mojowarno Gg. Masjid Dempok', 'JAWA TIMUR', 'JOMBANG', 'DIWEK', NULL, '2026-01-22 02:45:38', '2026-01-22 02:45:38'),
(351, '111235170045', '60717375', 'MIS PERGURUAN MUALLIMAT', 'Madrasah Ibtidaiyah', 'swasta', 'Jl. Masjid Jami', 'JAWA TIMUR', 'JOMBANG', 'DIWEK', NULL, '2026-01-22 02:45:38', '2026-01-22 02:45:38'),
(352, '111235170046', '60717376', 'MIS SALAFIYAH SYAFIIYAH', 'Madrasah Ibtidaiyah', 'swasta', 'Jl. Tirtorejo No. 53 ( Sebelah Masjid )', 'JAWA TIMUR', 'JOMBANG', 'DIWEK', NULL, '2026-01-22 02:45:38', '2026-01-22 02:45:38'),
(353, '111235170047', '60717377', 'MIS SALAFIYAH SYAFI\'IYAH SEBLAK', 'Madrasah Ibtidaiyah', 'swasta', 'Jl. PP Seblak Kwaron Diwek', 'JAWA TIMUR', 'JOMBANG', 'DIWEK', NULL, '2026-01-22 02:45:38', '2026-01-22 02:45:38'),
(354, '111235170048', '60717378', 'MIS SALAFIYAH SYAFIIYAH BANDUNG 01', 'Madrasah Ibtidaiyah', 'swasta', 'Jln. Raya Bandung No. 14', 'JAWA TIMUR', 'JOMBANG', 'DIWEK', NULL, '2026-01-22 02:45:38', '2026-01-22 02:45:38'),
(355, '111235170049', '60717379', 'MI SALAFIYAH SYAFIIYAH BANDUNG 2', 'Madrasah Ibtidaiyah', 'swasta', 'Jl. Raya Bandung No. 14', 'JAWA TIMUR', 'JOMBANG', 'DIWEK', NULL, '2026-01-22 02:45:38', '2026-01-22 02:45:38'),
(356, '111235170050', '60717380', 'MIS SALAFIYAH SYAFI\'IYAH BANDUNG 3', 'Madrasah Ibtidaiyah', 'swasta', 'Jl. Bandung Krajan No. 35 Diwek Jombang', 'JAWA TIMUR', 'JOMBANG', 'DIWEK', NULL, '2026-01-22 02:45:38', '2026-01-22 02:45:38'),
(357, '111235170051', '60717381', 'MIS SUNAN KALIJAGA', 'Madrasah Ibtidaiyah', 'swasta', 'Dusun Mejono Desa Keras Diwek Jombang Jawa Timur', 'JAWA TIMUR', 'JOMBANG', 'DIWEK', NULL, '2026-01-22 02:45:38', '2026-01-22 02:45:38'),
(358, '111235170052', '60717382', 'MIS TARBIYATUL AULAD', 'Madrasah Ibtidaiyah', 'swasta', 'Dusun Gedangan RT.01 RW.08', 'JAWA TIMUR', 'JOMBANG', 'DIWEK', NULL, '2026-01-22 02:45:38', '2026-01-22 02:45:38'),
(359, '111235170053', '60717383', 'MIS TARBIYATUL AULAD', 'Madrasah Ibtidaiyah', 'swasta', 'Dsn. Gebangmalang', 'JAWA TIMUR', 'JOMBANG', 'DIWEK', NULL, '2026-01-22 02:45:38', '2026-01-22 02:45:38'),
(360, '111235170054', '60717384', 'MIS TARBIYATUNNASYIIN 1', 'Madrasah Ibtidaiyah', 'swasta', 'Jl.KH. Manshur Anwar No. 10 Paculgowang', 'JAWA TIMUR', 'JOMBANG', 'DIWEK', NULL, '2026-01-22 02:45:38', '2026-01-22 02:45:38'),
(361, '111235170055', '60717385', 'MIS TARBIYATUNNASYI\'IN 2', 'Madrasah Ibtidaiyah', 'swasta', 'Jl. Kh. Manshur Anwar No 10 Paculgowang', 'JAWA TIMUR', 'JOMBANG', 'DIWEK', NULL, '2026-01-22 02:45:38', '2026-01-22 02:45:38'),
(362, '111235170056', '60717386', 'MIS THOYIB HIDAYAT', 'Madrasah Ibtidaiyah', 'swasta', 'Jl. Masjid No.35 Pojok', 'JAWA TIMUR', 'JOMBANG', 'DIWEK', NULL, '2026-01-22 02:45:38', '2026-01-22 02:45:38'),
(363, '111235170057', '60717387', 'MIS AL ILHAM', 'Madrasah Ibtidaiyah', 'swasta', 'Jl.masjid Rt 3 Rw 2 Mejoyolosari', 'JAWA TIMUR', 'JOMBANG', 'GUDO', NULL, '2026-01-22 02:45:38', '2026-01-22 02:45:38'),
(364, '111235170058', '60717388', 'MIS AL-KHOIRIYAH', 'Madrasah Ibtidaiyah', 'swasta', 'Jln H. Moh. Sholeh No 01 Tanggungan Gudo', 'JAWA TIMUR', 'JOMBANG', 'GUDO', NULL, '2026-01-22 02:45:38', '2026-01-22 02:45:38'),
(365, '111235170059', '60717389', 'MIS BAITUL HUDA', 'Madrasah Ibtidaiyah', 'swasta', 'JL Masjid Sidomulyo 01', 'JAWA TIMUR', 'JOMBANG', 'GUDO', NULL, '2026-01-22 02:45:38', '2026-01-22 02:45:38'),
(366, '111235170060', '60717390', 'MIS MIFTAHUL HUDA', 'Madrasah Ibtidaiyah', 'swasta', 'Jln. Raya Sepanyul', 'JAWA TIMUR', 'JOMBANG', 'GUDO', NULL, '2026-01-22 02:45:38', '2026-01-22 02:45:38'),
(367, '111235170061', '60717391', 'MIS SABILUN NAJAH', 'Madrasah Ibtidaiyah', 'swasta', 'Jalan Masjid Cikaran', 'JAWA TIMUR', 'JOMBANG', 'GUDO', NULL, '2026-01-22 02:45:38', '2026-01-22 02:45:38'),
(368, '111235170062', '60717392', 'MIS TARBIYATUL ATHFAL', 'Madrasah Ibtidaiyah', 'swasta', 'Jln. Masjid Klepek Selatan', 'JAWA TIMUR', 'JOMBANG', 'GUDO', NULL, '2026-01-22 02:45:38', '2026-01-22 02:45:38'),
(369, '111235170063', '60717393', 'MIS ULUMUDDIN', 'Madrasah Ibtidaiyah', 'swasta', 'Jl.Raya Gudo Jombang desa Godong', 'JAWA TIMUR', 'JOMBANG', 'GUDO', NULL, '2026-01-22 02:45:38', '2026-01-22 02:45:38'),
(370, '111235170064', '60717394', 'MIS WAHID HASYIM', 'Madrasah Ibtidaiyah', 'swasta', 'Jl. Raya No.12 Krembangan Gudo', 'JAWA TIMUR', 'JOMBANG', 'GUDO', NULL, '2026-01-22 02:45:38', '2026-01-22 02:45:38'),
(371, '111235170065', '60717395', 'MIS AL-HIKMAH', 'Madrasah Ibtidaiyah', 'swasta', 'Jl. Raya Janti No. 222', 'JAWA TIMUR', 'JOMBANG', 'JOGOROTO', NULL, '2026-01-22 02:45:38', '2026-01-22 02:45:38'),
(372, '111235170066', '60717396', 'MIS AL-IHSAN 1', 'Madrasah Ibtidaiyah', 'swasta', 'Jln. Raya Sawahan no 2B', 'JAWA TIMUR', 'JOMBANG', 'JOGOROTO', NULL, '2026-01-22 02:45:38', '2026-01-22 02:45:38'),
(373, '111235170067', '60717397', 'MIS AL-IHSAN 2', 'Madrasah Ibtidaiyah', 'swasta', 'Jl. Balaidesa Dsn. Sawahan', 'JAWA TIMUR', 'JOMBANG', 'JOGOROTO', NULL, '2026-01-22 02:45:38', '2026-01-22 02:45:38'),
(374, '111235170068', '60717398', 'MIS AL-ITTIHAD', 'Madrasah Ibtidaiyah', 'swasta', 'JLN. RAYA KALIANYAR NO. 16', 'JAWA TIMUR', 'JOMBANG', 'JOGOROTO', NULL, '2026-01-22 02:45:38', '2026-01-22 02:45:38'),
(375, '111235170069', '60717399', 'MIS ANNASHIRIYAH', 'Madrasah Ibtidaiyah', 'swasta', 'DSN.NGEMBEH', 'JAWA TIMUR', 'JOMBANG', 'JOGOROTO', NULL, '2026-01-22 02:45:38', '2026-01-22 02:45:38'),
(376, '111235170070', '60717400', 'MIS BABUSSALAM', 'Madrasah Ibtidaiyah', 'swasta', 'Jl. Masjid Al-Mukhlisin No 49', 'JAWA TIMUR', 'JOMBANG', 'JOGOROTO', NULL, '2026-01-22 02:45:38', '2026-01-22 02:45:38'),
(377, '111235170071', '60717401', 'MIS DARUL ULUM I', 'Madrasah Ibtidaiyah', 'swasta', 'Jln. H. Cholil No.35 Sumber Penganten', 'JAWA TIMUR', 'JOMBANG', 'JOGOROTO', NULL, '2026-01-22 02:45:38', '2026-01-22 02:45:38'),
(378, '111235170072', '60717402', 'MIS DARUL ULUM 2', 'Madrasah Ibtidaiyah', 'swasta', 'Bendungrejo', 'JAWA TIMUR', 'JOMBANG', 'JOGOROTO', NULL, '2026-01-22 02:45:38', '2026-01-22 02:45:38'),
(379, '111235170073', '60717403', 'MIS DARUL ULUM 3', 'Madrasah Ibtidaiyah', 'swasta', 'Jl. Buyut Sudriyo', 'JAWA TIMUR', 'JOMBANG', 'JOGOROTO', NULL, '2026-01-22 02:45:38', '2026-01-22 02:45:38'),
(380, '111235170074', '60717404', 'MIS DARUSSALAM', 'Madrasah Ibtidaiyah', 'swasta', 'dsn Semanding RT003 RW005', 'JAWA TIMUR', 'JOMBANG', 'JOGOROTO', NULL, '2026-01-22 02:45:38', '2026-01-22 02:45:38'),
(381, '111235170075', '60717405', 'MIS GHOZALIYAH', 'Madrasah Ibtidaiyah', 'swasta', 'PP. Al Ghozaliyah Sidowaras', 'JAWA TIMUR', 'JOMBANG', 'JOGOROTO', NULL, '2026-01-22 02:45:38', '2026-01-22 02:45:38'),
(382, '111235170076', '60717406', 'MIS HASYIM ASY\'ARI', 'Madrasah Ibtidaiyah', 'swasta', 'Jln. Raya Jogoroto No. 134', 'JAWA TIMUR', 'JOMBANG', 'JOGOROTO', NULL, '2026-01-22 02:45:38', '2026-01-22 02:45:38'),
(383, '111235170077', '60717407', 'MIS ISLAMIYAH KEMIRIGALIH', 'Madrasah Ibtidaiyah', 'swasta', 'Dsn Kemirigalih RT 001/RW 001', 'JAWA TIMUR', 'JOMBANG', 'JOGOROTO', NULL, '2026-01-22 02:45:38', '2026-01-22 02:45:38'),
(384, '111235170078', '60717408', 'MIS KHOLIDIYAH', 'Madrasah Ibtidaiyah', 'swasta', 'Dsn. Pengalangan', 'JAWA TIMUR', 'JOMBANG', 'JOGOROTO', NULL, '2026-01-22 02:45:38', '2026-01-22 02:45:38'),
(385, '111235170079', '60717409', 'MIS MAMBAUL ULUM', 'Madrasah Ibtidaiyah', 'swasta', 'Jln. Masjid Corogo', 'JAWA TIMUR', 'JOMBANG', 'JOGOROTO', NULL, '2026-01-22 02:45:38', '2026-01-22 02:45:38'),
(386, '111235170080', '60717410', 'MIS MIDANUTTALIM I', 'Madrasah Ibtidaiyah', 'swasta', 'Jl. Ponpes Midanuttalim Mayangan', 'JAWA TIMUR', 'JOMBANG', 'JOGOROTO', NULL, '2026-01-22 02:45:38', '2026-01-22 02:45:38'),
(387, '111235170081', '60717411', 'MIS MIDANUTTALIM II', 'Madrasah Ibtidaiyah', 'swasta', 'Jl. Ponpes Midanuttalim Mayangan', 'JAWA TIMUR', 'JOMBANG', 'JOGOROTO', NULL, '2026-01-22 02:45:38', '2026-01-22 02:45:38'),
(388, '111235170082', '60717412', 'MIS MIFTAHUL ULUM', 'Madrasah Ibtidaiyah', 'swasta', 'Jl. Jarak Kulon Rt. 01 Rw. 01', 'JAWA TIMUR', 'JOMBANG', 'JOGOROTO', NULL, '2026-01-22 02:45:38', '2026-01-22 02:45:38'),
(389, '111235170083', '60717413', 'MIS MINHAJUL ABIDIN', 'Madrasah Ibtidaiyah', 'swasta', 'Jln. Makam Mbah Sayyid Ismail, Ds. Janti', 'JAWA TIMUR', 'JOMBANG', 'JOGOROTO', NULL, '2026-01-22 02:45:38', '2026-01-22 02:45:38'),
(390, '111235170084', '60717414', 'MIS MUHAMMADIYAH 03', 'Madrasah Ibtidaiyah', 'swasta', 'Jl. Raya Jogoroto No.78', 'JAWA TIMUR', 'JOMBANG', 'JOGOROTO', NULL, '2026-01-22 02:45:38', '2026-01-22 02:45:38'),
(391, '111235170085', '60717415', 'MIS SYAFI\'IYAH', 'Madrasah Ibtidaiyah', 'swasta', 'Dsn. Dukuh Semut, Ds. Sukosari', 'JAWA TIMUR', 'JOMBANG', 'JOGOROTO', NULL, '2026-01-22 02:45:38', '2026-01-22 02:45:38'),
(392, '111235170086', '60717417', 'MIS AL-AZHAR', 'Madrasah Ibtidaiyah', 'swasta', 'Jl. Brigjen Kretarto No. 27', 'JAWA TIMUR', 'JOMBANG', 'JOMBANG', NULL, '2026-01-22 02:45:38', '2026-01-22 02:45:38'),
(393, '111235170087', '60717418', 'MIS AL-ISTIQOMAH', 'Madrasah Ibtidaiyah', 'swasta', 'Jl. KH. Umar No.99', 'JAWA TIMUR', 'JOMBANG', 'JOMBANG', NULL, '2026-01-22 02:45:38', '2026-01-22 02:45:38'),
(394, '111235170088', '60717419', 'MIS BAHRUL ULUM TAMBAKBERAS', 'Madrasah Ibtidaiyah', 'swasta', 'Jl.kh.wahab Chasbulloh', 'JAWA TIMUR', 'JOMBANG', 'JOMBANG', NULL, '2026-01-22 02:45:38', '2026-01-22 02:45:38'),
(395, '111235170089', '60717420', 'MIS DARUSSALAM', 'Madrasah Ibtidaiyah', 'swasta', 'JL. GONDEKAN NO 76 GONDEKAN JABON JOMBANG', 'JAWA TIMUR', 'JOMBANG', 'JOMBANG', NULL, '2026-01-22 02:45:38', '2026-01-22 02:45:38'),
(396, '111235170090', '60717421', 'MIS KEBOKICAK', 'Madrasah Ibtidaiyah', 'swasta', 'Dapurkejambon', 'JAWA TIMUR', 'JOMBANG', 'JOMBANG', NULL, '2026-01-22 02:45:38', '2026-01-22 02:45:38'),
(397, '111235170091', '60717422', 'MIS MAMBAUL KHOIROT', 'Madrasah Ibtidaiyah', 'swasta', 'Dusun Gempolpait', 'JAWA TIMUR', 'JOMBANG', 'JOMBANG', NULL, '2026-01-22 02:45:38', '2026-01-22 02:45:38'),
(398, '111235170092', '60717423', 'MIS MAMBAUL MAARIF', 'Madrasah Ibtidaiyah', 'swasta', 'Jl. Kh. Bisri Syansuri No. 77', 'JAWA TIMUR', 'JOMBANG', 'JOMBANG', NULL, '2026-01-22 02:45:38', '2026-01-22 02:45:38'),
(399, '111235170093', '60717424', 'MIS MANSAUL HUDA', 'Madrasah Ibtidaiyah', 'swasta', 'Basuki Rahmat No 28 Karangkletak Tunggorono', 'JAWA TIMUR', 'JOMBANG', 'JOMBANG', NULL, '2026-01-22 02:45:38', '2026-01-22 02:45:38'),
(400, '111235170094', '60717425', 'MIS MIFTAHUL MAARIF', 'Madrasah Ibtidaiyah', 'swasta', 'Jalan Mindi Jaya No. I/23', 'JAWA TIMUR', 'JOMBANG', 'JOMBANG', NULL, '2026-01-22 02:45:38', '2026-01-22 02:45:38'),
(401, '111235170095', '60717426', 'MIS MUHAMMADIYAH 01', 'Madrasah Ibtidaiyah', 'swasta', 'Jln. Ir. H. Juanda No. 70', 'JAWA TIMUR', 'JOMBANG', 'JOMBANG', NULL, '2026-01-22 02:45:38', '2026-01-22 02:45:38'),
(402, '111235170096', '60717427', 'MIS MUHAMMADIYAH 2', 'Madrasah Ibtidaiyah', 'swasta', 'Jl. Jambu I No.02', 'JAWA TIMUR', 'JOMBANG', 'JOMBANG', NULL, '2026-01-22 02:45:38', '2026-01-22 02:45:38'),
(403, '111235170097', '60717428', 'MIS MUJAHIDIN', 'Madrasah Ibtidaiyah', 'swasta', 'Jl. Sumatera Gg. 3 No. 6 Parimono', 'JAWA TIMUR', 'JOMBANG', 'JOMBANG', NULL, '2026-01-22 02:45:38', '2026-01-22 02:45:38'),
(404, '111235170098', '60717429', 'MIS NIDHOMIYAH', 'Madrasah Ibtidaiyah', 'swasta', 'Jl.Gus Dur Gg.nidhomiyah 11 Candimulyo Jombang', 'JAWA TIMUR', 'JOMBANG', 'JOMBANG', NULL, '2026-01-22 02:45:38', '2026-01-22 02:45:38'),
(405, '111235170099', '60717430', 'MIS NURUL AHMAD', 'Madrasah Ibtidaiyah', 'swasta', 'Jln. Kenanga No. 53 Banjardowo', 'JAWA TIMUR', 'JOMBANG', 'JOMBANG', NULL, '2026-01-22 02:45:38', '2026-01-22 02:45:38'),
(406, '111235170100', '60717431', 'MIS SUNAN GIRI', 'Madrasah Ibtidaiyah', 'swasta', 'Jl Cut Nya Dien No.39 Rt. 005 Rw. 005 Pulolor Jombang', 'JAWA TIMUR', 'JOMBANG', 'JOMBANG', NULL, '2026-01-22 02:45:38', '2026-01-22 02:45:38'),
(407, '111235170101', '60717432', 'MIS TARBIYATUL HUDA', 'Madrasah Ibtidaiyah', 'swasta', 'Sumberwinong', 'JAWA TIMUR', 'JOMBANG', 'JOMBANG', NULL, '2026-01-22 02:45:38', '2026-01-22 02:45:38'),
(408, '111235170102', '60717433', 'MIS NIDHOMIYAH', 'Madrasah Ibtidaiyah', 'swasta', 'Jl.djo Yudo No.09 Kabuh', 'JAWA TIMUR', 'JOMBANG', 'KABUH', NULL, '2026-01-22 02:45:38', '2026-01-22 02:45:38'),
(409, '111235170103', '60717434', 'MIS NIDHOMIYAH', 'Madrasah Ibtidaiyah', 'swasta', 'Dsn. Peyek', 'JAWA TIMUR', 'JOMBANG', 'KABUH', NULL, '2026-01-22 02:45:38', '2026-01-22 02:45:38'),
(410, '111235170104', '60717435', 'MIS RADEN RAHMAT', 'Madrasah Ibtidaiyah', 'swasta', 'Dusun Brumbung', 'JAWA TIMUR', 'JOMBANG', 'KABUH', NULL, '2026-01-22 02:45:38', '2026-01-22 02:45:38'),
(411, '111235170105', '60717436', 'MIS AL HIDAYAH', 'Madrasah Ibtidaiyah', 'swasta', 'POJOKREJO', 'JAWA TIMUR', 'JOMBANG', 'KESAMBEN', NULL, '2026-01-22 02:45:38', '2026-01-22 02:45:38'),
(412, '111235170106', '60717437', 'MIS AL HIDAYAH', 'Madrasah Ibtidaiyah', 'swasta', 'Jl. Raya Kedungbetik RT/RW 006/002', 'JAWA TIMUR', 'JOMBANG', 'KESAMBEN', NULL, '2026-01-22 02:45:38', '2026-01-22 02:45:38'),
(413, '111235170107', '60717438', 'MIS AL-IHSANI', 'Madrasah Ibtidaiyah', 'swasta', 'Jl. Widyagama No.04 Garu Podoroto', 'JAWA TIMUR', 'JOMBANG', 'KESAMBEN', NULL, '2026-01-22 02:45:38', '2026-01-22 02:45:38'),
(414, '111235170108', '60717439', 'MIS AL-ISLAMIYAH', 'Madrasah Ibtidaiyah', 'swasta', 'Jl. Sidomakmur RT. 001 RW. 002 Dsn. Blimbing', 'JAWA TIMUR', 'JOMBANG', 'KESAMBEN', NULL, '2026-01-22 02:45:38', '2026-01-22 02:45:38'),
(415, '111235170109', '60717440', 'MIS BABUL ULUM', 'Madrasah Ibtidaiyah', 'swasta', 'Jln. Raya Gumulan', 'JAWA TIMUR', 'JOMBANG', 'KESAMBEN', NULL, '2026-01-22 02:45:38', '2026-01-22 02:45:38'),
(416, '111235170110', '60717441', 'MIS ISLAHUL ISLAMIYAH', 'Madrasah Ibtidaiyah', 'swasta', 'Jl.Gang Masjid Baitul Huda No. 01 Pojokkulon', 'JAWA TIMUR', 'JOMBANG', 'KESAMBEN', NULL, '2026-01-22 02:45:38', '2026-01-22 02:45:38'),
(417, '111235170111', '60717442', 'MIS MIFTAHUL ULUM SAPON', 'Madrasah Ibtidaiyah', 'swasta', 'Jl. Raya Sapon', 'JAWA TIMUR', 'JOMBANG', 'KESAMBEN', NULL, '2026-01-22 02:45:38', '2026-01-22 02:45:38'),
(418, '111235170112', '60717443', 'MIS MIFTAHUL ULUM', 'Madrasah Ibtidaiyah', 'swasta', 'Jalan Masjid Baitul Qudus Dusun Dero', 'JAWA TIMUR', 'JOMBANG', 'KESAMBEN', NULL, '2026-01-22 02:45:38', '2026-01-22 02:45:38'),
(419, '111235170113', '60717444', 'MIS MIFTAHUL ULUM', 'Madrasah Ibtidaiyah', 'swasta', 'Jl. Pabrik Yodium Rt 7 Rw 2', 'JAWA TIMUR', 'JOMBANG', 'KESAMBEN', NULL, '2026-01-22 02:45:38', '2026-01-22 02:45:38'),
(420, '111235170114', '60717445', 'MIS MUBTADIUL ULUM', 'Madrasah Ibtidaiyah', 'swasta', 'Jln.Raya Carangrejo No 47', 'JAWA TIMUR', 'JOMBANG', 'KESAMBEN', NULL, '2026-01-22 02:45:38', '2026-01-22 02:45:38'),
(421, '111235170115', '60717446', 'MIS MUHAMMADIYAH 7', 'Madrasah Ibtidaiyah', 'swasta', 'Dusun Kedungpapar', 'JAWA TIMUR', 'JOMBANG', 'KESAMBEN', NULL, '2026-01-22 02:45:38', '2026-01-22 02:45:38'),
(422, '111235170116', '60717447', 'MIS MUHAMMADIYAH 8', 'Madrasah Ibtidaiyah', 'swasta', 'Jln. Raya No. 93', 'JAWA TIMUR', 'JOMBANG', 'KESAMBEN', NULL, '2026-01-22 02:45:38', '2026-01-22 02:45:38'),
(423, '111235170117', '60717448', 'MIS MUHAMMADIYAH 11', 'Madrasah Ibtidaiyah', 'swasta', 'Jl Lapangan No. 30 Pojokkulon Kesamben Jombang', 'JAWA TIMUR', 'JOMBANG', 'KESAMBEN', NULL, '2026-01-22 02:45:38', '2026-01-22 02:45:38'),
(424, '111235170118', '60717449', 'MIS MUHAMADIYAH 12', 'Madrasah Ibtidaiyah', 'swasta', 'Jl. Melati No. 02 Gumulan Kesamben', 'JAWA TIMUR', 'JOMBANG', 'KESAMBEN', NULL, '2026-01-22 02:45:38', '2026-01-22 02:45:38'),
(425, '111235170119', '60717450', 'MIS NURUL HIDAYAH', 'Madrasah Ibtidaiyah', 'swasta', 'Jl. Lapangan. No 01', 'JAWA TIMUR', 'JOMBANG', 'KESAMBEN', NULL, '2026-01-22 02:45:38', '2026-01-22 02:45:38'),
(426, '111235170120', '60717452', 'MIS AL-HIKMAH MADE', 'Madrasah Ibtidaiyah', 'swasta', 'Jl. Raya Made No. 1', 'JAWA TIMUR', 'JOMBANG', 'KUDU', NULL, '2026-01-22 02:45:38', '2026-01-22 02:45:38'),
(427, '111235170121', '60717453', 'MIS DARUL ULUM TAPEN', 'Madrasah Ibtidaiyah', 'swasta', 'Jl. Raya Brantas No. 139', 'JAWA TIMUR', 'JOMBANG', 'KUDU', NULL, '2026-01-22 02:45:38', '2026-01-22 02:45:38'),
(428, '111235170122', '60717454', 'MIS MUHAMMADIYAH 09', 'Madrasah Ibtidaiyah', 'swasta', 'Jln. Masjid No. 22 Glugu Katemas Kudu Jombang', 'JAWA TIMUR', 'JOMBANG', 'KUDU', NULL, '2026-01-22 02:45:38', '2026-01-22 02:45:38'),
(429, '111235170123', '60717455', 'MIS SUNAN AMPEL', 'Madrasah Ibtidaiyah', 'swasta', 'Dusun, Mabul Desa Sidokaton, Kec. Kudu, Kab. Jombang', 'JAWA TIMUR', 'JOMBANG', 'KUDU', NULL, '2026-01-22 02:45:38', '2026-01-22 02:45:38'),
(430, '111235170124', '60717456', 'MIS SUNAN GUNUNG JATI', 'Madrasah Ibtidaiyah', 'swasta', 'Jalan Raya Katemas No 18', 'JAWA TIMUR', 'JOMBANG', 'KUDU', NULL, '2026-01-22 02:45:38', '2026-01-22 02:45:38'),
(431, '111235170125', '60717466', 'MIS BUSTANUL ULUM', 'Madrasah Ibtidaiyah', 'swasta', 'Beweh Ngogri Megaluh Jombang', 'JAWA TIMUR', 'JOMBANG', 'MEGALUH', NULL, '2026-01-22 02:45:38', '2026-01-22 02:45:38'),
(432, '111235170126', '60717457', 'MIS KH SUNDUSIN', 'Madrasah Ibtidaiyah', 'swasta', 'Dempok Rt01/rw 04', 'JAWA TIMUR', 'JOMBANG', 'MEGALUH', NULL, '2026-01-22 02:45:38', '2026-01-22 02:45:38'),
(433, '111235170128', '60717459', 'MIS MAMBAUL HUDA', 'Madrasah Ibtidaiyah', 'swasta', 'Jl. Teratai No 13 Rt.04 Rw.02', 'JAWA TIMUR', 'JOMBANG', 'MEGALUH', NULL, '2026-01-22 02:45:38', '2026-01-22 02:45:38'),
(434, '111235170129', '60717460', 'MIS MAMBAUL ULUM', 'Madrasah Ibtidaiyah', 'swasta', 'Jl. KH. Moh. Irsyad No. 08', 'JAWA TIMUR', 'JOMBANG', 'MEGALUH', NULL, '2026-01-22 02:45:38', '2026-01-22 02:45:38'),
(435, '111235170130', '60717461', 'MIS MIFTAHUL ULUM', 'Madrasah Ibtidaiyah', 'swasta', 'SOKO', 'JAWA TIMUR', 'JOMBANG', 'MEGALUH', NULL, '2026-01-22 02:45:38', '2026-01-22 02:45:38'),
(436, '111235170131', '60717462', 'MIS MIFTAHUL ULUM', 'Madrasah Ibtidaiyah', 'swasta', 'Jl. Raya Perak No. 59 Balongsari', 'JAWA TIMUR', 'JOMBANG', 'MEGALUH', NULL, '2026-01-22 02:45:38', '2026-01-22 02:45:38'),
(437, '111235170132', '60717463', 'MIS NIDHOMIYAH', 'Madrasah Ibtidaiyah', 'swasta', 'SUMBERSARI', 'JAWA TIMUR', 'JOMBANG', 'MEGALUH', NULL, '2026-01-22 02:45:38', '2026-01-22 02:45:38'),
(438, '111235170133', '60717464', 'MIS NURUL ULUM', 'Madrasah Ibtidaiyah', 'swasta', 'Jln.Raya Ngogri No 201', 'JAWA TIMUR', 'JOMBANG', 'MEGALUH', NULL, '2026-01-22 02:45:38', '2026-01-22 02:45:38'),
(439, '111235170134', '60717465', 'MIS TARBIYATUL AULAD', 'Madrasah Ibtidaiyah', 'swasta', 'Jl. Gatot Subroto No. 122', 'JAWA TIMUR', 'JOMBANG', 'MEGALUH', NULL, '2026-01-22 02:45:38', '2026-01-22 02:45:38'),
(440, '111235170135', '60717467', 'MIS AINUL ULUM 01', 'Madrasah Ibtidaiyah', 'swasta', 'JL. LANANG SEJATI, KAROBELAH', 'JAWA TIMUR', 'JOMBANG', 'MOJOAGUNG', NULL, '2026-01-22 02:45:38', '2026-01-22 02:45:38'),
(441, '111235170136', '60717468', 'MIS AINUL ULUM 02', 'Madrasah Ibtidaiyah', 'swasta', 'Jln. Lanang Sejati No.44 Karobelah Mojoagung Jombang', 'JAWA TIMUR', 'JOMBANG', 'MOJOAGUNG', NULL, '2026-01-22 02:45:38', '2026-01-22 02:45:38'),
(442, '111235170137', '60717469', 'MIS AL-MUAWWANAH', 'Madrasah Ibtidaiyah', 'swasta', 'Jl. Yos Sudarso No.12', 'JAWA TIMUR', 'JOMBANG', 'MOJOAGUNG', NULL, '2026-01-22 02:45:38', '2026-01-22 02:45:38'),
(443, '111235170138', '60717470', 'MIS AL MURSYIDAH', 'Madrasah Ibtidaiyah', 'swasta', 'Jl. Masjid Darussalam 02 Rt.01 Rw.01 Jonggrong', 'JAWA TIMUR', 'JOMBANG', 'MOJOAGUNG', NULL, '2026-01-22 02:45:38', '2026-01-22 02:45:38'),
(444, '111235170139', '60717471', 'MIS AL MURSYIDAH', 'Madrasah Ibtidaiyah', 'swasta', 'Jln. K.Thohirun No 24', 'JAWA TIMUR', 'JOMBANG', 'MOJOAGUNG', NULL, '2026-01-22 02:45:38', '2026-01-22 02:45:38'),
(445, '111235170140', '60717472', 'MIS AR-ROHMAH', 'Madrasah Ibtidaiyah', 'swasta', 'Jl. Sayid Sulaiman No. 25 Dusun Betek Utara', 'JAWA TIMUR', 'JOMBANG', 'MOJOAGUNG', NULL, '2026-01-22 02:45:38', '2026-01-22 02:45:38'),
(446, '111235170141', '60717473', 'MIS ASY-SYAFI\'IYAH', 'Madrasah Ibtidaiyah', 'swasta', 'Jl. Pendowo No. 40 Klampisan', 'JAWA TIMUR', 'JOMBANG', 'MOJOAGUNG', NULL, '2026-01-22 02:45:38', '2026-01-22 02:45:38'),
(447, '111235170142', '60717474', 'MIS BABUSSALAM', 'Madrasah Ibtidaiyah', 'swasta', 'Jl. KH. Nur Syahid No. 110 KALIBENING', 'JAWA TIMUR', 'JOMBANG', 'MOJOAGUNG', NULL, '2026-01-22 02:45:38', '2026-01-22 02:45:38'),
(448, '111235170143', '60717475', 'MIS BUSTANUL ULUM MOJOAGUNG', 'Madrasah Ibtidaiyah', 'swasta', 'Johowinong', 'JAWA TIMUR', 'JOMBANG', 'MOJOAGUNG', NULL, '2026-01-22 02:45:38', '2026-01-22 02:45:38'),
(449, '111235170144', '60717476', 'MIS MAMBA\'UL ULUM', 'Madrasah Ibtidaiyah', 'swasta', 'Jl. Semangka No 56 Murukan', 'JAWA TIMUR', 'JOMBANG', 'MOJOAGUNG', NULL, '2026-01-22 02:45:38', '2026-01-22 02:45:38'),
(450, '111235170145', '60717477', 'MIS MIFTAHUL HUDA', 'Madrasah Ibtidaiyah', 'swasta', 'Dsn. Gedangan Ds. Kedunglumpang', 'JAWA TIMUR', 'JOMBANG', 'MOJOAGUNG', NULL, '2026-01-22 02:45:38', '2026-01-22 02:45:38'),
(451, '111235170146', '60717478', 'MIS MU\'AWANAH AL-HASYIMIYAH', 'Madrasah Ibtidaiyah', 'swasta', 'Wonoayu Timur Dukuhmojo Mojoagung', 'JAWA TIMUR', 'JOMBANG', 'MOJOAGUNG', NULL, '2026-01-22 02:45:38', '2026-01-22 02:45:38'),
(452, '111235170147', '60717479', 'MIS MUAWANAH', 'Madrasah Ibtidaiyah', 'swasta', 'Jl Kapuas Penanggalan Dukuhdimoro', 'JAWA TIMUR', 'JOMBANG', 'MOJOAGUNG', NULL, '2026-01-22 02:45:38', '2026-01-22 02:45:38'),
(453, '111235170148', '60717480', 'MIS MUHAMMADIYAH', 'Madrasah Ibtidaiyah', 'swasta', 'Jl.kh.ahmad Dahlan No.18', 'JAWA TIMUR', 'JOMBANG', 'MOJOAGUNG', NULL, '2026-01-22 02:45:38', '2026-01-22 02:45:38'),
(454, '111235170149', '60717481', 'MIS SULAIMANIYAH', 'Madrasah Ibtidaiyah', 'swasta', 'JL. MASJID AR-RIDLO NO. 60', 'JAWA TIMUR', 'JOMBANG', 'MOJOAGUNG', NULL, '2026-01-22 02:45:38', '2026-01-22 02:45:38'),
(455, '111235170150', '60717482', 'MIS SUNAN KALIJOGO', 'Madrasah Ibtidaiyah', 'swasta', 'Jl. Subontoro Santren', 'JAWA TIMUR', 'JOMBANG', 'MOJOAGUNG', NULL, '2026-01-22 02:45:38', '2026-01-22 02:45:38'),
(456, '111235170151', '60717483', 'MIS AL-DLORURIYAH', 'Madrasah Ibtidaiyah', 'swasta', 'JL. KH. SULAIMAN', 'JAWA TIMUR', 'JOMBANG', 'MOJOWARNO', NULL, '2026-01-22 02:45:38', '2026-01-22 02:45:38'),
(457, '111235170152', '60717484', 'MIS AL-FATAH', 'Madrasah Ibtidaiyah', 'swasta', 'Jl. Wanara No.134. A Sedah Japanan Kec. Mojowarno', 'JAWA TIMUR', 'JOMBANG', 'MOJOWARNO', NULL, '2026-01-22 02:45:38', '2026-01-22 02:45:38'),
(458, '111235170153', '60717485', 'MIS AL-HANAFIYAH WRINGINPITU', 'Madrasah Ibtidaiyah', 'swasta', 'Jl. Masjid Al-Huda Wringinpitu', 'JAWA TIMUR', 'JOMBANG', 'MOJOWARNO', NULL, '2026-01-22 02:45:38', '2026-01-22 02:45:38'),
(459, '111235170154', '60717486', 'MIS AL HIDAYAH', 'Madrasah Ibtidaiyah', 'swasta', 'Jl.raya Menganto No.85', 'JAWA TIMUR', 'JOMBANG', 'MOJOWARNO', NULL, '2026-01-22 02:45:38', '2026-01-22 02:45:38'),
(460, '111235170155', '60717487', 'MIS AL HIKMAH', 'Madrasah Ibtidaiyah', 'swasta', 'Jl Ronoharjo No. 09', 'JAWA TIMUR', 'JOMBANG', 'MOJOWARNO', NULL, '2026-01-22 02:45:38', '2026-01-22 02:45:38'),
(461, '111235170156', '60717488', 'MIS AL-HUDA REJOSLAMET', 'Madrasah Ibtidaiyah', 'swasta', 'Jl. Melati Banjarsari Rejoslamet', 'JAWA TIMUR', 'JOMBANG', 'MOJOWARNO', NULL, '2026-01-22 02:45:38', '2026-01-22 02:45:38'),
(462, '111235170157', '60717489', 'MIS AL-MAUNAH MOJOJEJER', 'Madrasah Ibtidaiyah', 'swasta', 'Jl. Joas Gg. Masjid Al-Maunah', 'JAWA TIMUR', 'JOMBANG', 'MOJOWARNO', NULL, '2026-01-22 02:45:38', '2026-01-22 02:45:38'),
(463, '111235170158', '60717490', 'MIS DARUL FAIZIN', 'Madrasah Ibtidaiyah', 'swasta', 'Jl. KH. Hasan Sanusi No.01 RT 001 RW 004', 'JAWA TIMUR', 'JOMBANG', 'MOJOWARNO', NULL, '2026-01-22 02:45:38', '2026-01-22 02:45:38'),
(464, '111235170159', '60717491', 'MIS DARUL ULUM', 'Madrasah Ibtidaiyah', 'swasta', 'Jl Masjid Assyuhada No.17', 'JAWA TIMUR', 'JOMBANG', 'MOJOWARNO', NULL, '2026-01-22 02:45:38', '2026-01-22 02:45:38'),
(465, '111235170160', '60717492', 'MIS DARUSSALAM KARANGLO II', 'Madrasah Ibtidaiyah', 'swasta', 'Jl. Cempaka Rt 05 Rw 02 Mojokembang', 'JAWA TIMUR', 'JOMBANG', 'MOJOWARNO', NULL, '2026-01-22 02:45:38', '2026-01-22 02:45:38'),
(466, '111235170161', '60717493', 'MIS FATHUL HUDA', 'Madrasah Ibtidaiyah', 'swasta', 'Jl. kapten Tendean 01', 'JAWA TIMUR', 'JOMBANG', 'MOJOWARNO', NULL, '2026-01-22 02:45:38', '2026-01-22 02:45:38'),
(467, '111235170162', '60717494', 'MIS MIFTAHUN NAJAH', 'Madrasah Ibtidaiyah', 'swasta', 'Bajang Karanglo Mojowarno', 'JAWA TIMUR', 'JOMBANG', 'MOJOWARNO', NULL, '2026-01-22 02:45:38', '2026-01-22 02:45:38'),
(468, '111235170163', '60717495', 'MIS NAJATUD DAROINI', 'Madrasah Ibtidaiyah', 'swasta', 'Jln. Raya Gedangan No. 60, RT/RW 005/002', 'JAWA TIMUR', 'JOMBANG', 'MOJOWARNO', NULL, '2026-01-22 02:45:38', '2026-01-22 02:45:38'),
(469, '111235170164', '60717496', 'MIS PERWANIDA', 'Madrasah Ibtidaiyah', 'swasta', 'Jalan Merdeka 242', 'JAWA TIMUR', 'JOMBANG', 'MOJOWARNO', NULL, '2026-01-22 02:45:38', '2026-01-22 02:45:38'),
(470, '111235170165', '60717497', 'MIS ROHMATUL UMMAH', 'Madrasah Ibtidaiyah', 'swasta', 'Jl. Sunan Giri No. 45 Kedunglo', 'JAWA TIMUR', 'JOMBANG', 'MOJOWARNO', NULL, '2026-01-22 02:45:38', '2026-01-22 02:45:38'),
(471, '111235170166', '60717498', 'MIS ROUDLOTUL ULUM', 'Madrasah Ibtidaiyah', 'swasta', 'Jl. Selumbung 171', 'JAWA TIMUR', 'JOMBANG', 'MOJOWARNO', NULL, '2026-01-22 02:45:38', '2026-01-22 02:45:38'),
(472, '111235170167', '60717499', 'MIS ROUDLOTUL ULUM', 'Madrasah Ibtidaiyah', 'swasta', 'Jl. Mbah Thoyib No.5 Mojoduwur', 'JAWA TIMUR', 'JOMBANG', 'MOJOWARNO', NULL, '2026-01-22 02:45:38', '2026-01-22 02:45:38'),
(473, '111235170168', '60717500', 'MIS SULAMUDDINIYAH', 'Madrasah Ibtidaiyah', 'swasta', 'Jl. Diponegoro 34 Gondek Mojowarno Jombang', 'JAWA TIMUR', 'JOMBANG', 'MOJOWARNO', NULL, '2026-01-22 02:45:38', '2026-01-22 02:45:38'),
(474, '111235170169', '60717501', 'MIS THORIQUL HUDA', 'Madrasah Ibtidaiyah', 'swasta', 'JL. Masjid Al-Ikhlash', 'JAWA TIMUR', 'JOMBANG', 'MOJOWARNO', NULL, '2026-01-22 02:45:38', '2026-01-22 02:45:38'),
(475, '111235170170', '60717502', 'MIS WALI SONGO', 'Madrasah Ibtidaiyah', 'swasta', 'Jl Ngali 47 A Dusun Kempreng Desa Latsari Kecamatan Mojowarno', 'JAWA TIMUR', 'JOMBANG', 'MOJOWARNO', NULL, '2026-01-22 02:45:38', '2026-01-22 02:45:38'),
(476, '111235170171', '60717504', 'MIS AL-AMAR', 'Madrasah Ibtidaiyah', 'swasta', 'Sumbersari', 'JAWA TIMUR', 'JOMBANG', 'NGORO', NULL, '2026-01-22 02:45:38', '2026-01-22 02:45:38'),
(477, '111235170172', '60717505', 'MIS AL FALAH', 'Madrasah Ibtidaiyah', 'swasta', 'Dsn. Kuncung', 'JAWA TIMUR', 'JOMBANG', 'NGORO', NULL, '2026-01-22 02:45:38', '2026-01-22 02:45:38'),
(478, '111235170173', '60717506', 'MIS AL HIKMAH', 'Madrasah Ibtidaiyah', 'swasta', 'SIDOWAREK', 'JAWA TIMUR', 'JOMBANG', 'NGORO', NULL, '2026-01-22 02:45:38', '2026-01-22 02:45:38'),
(479, '111235170174', '60717507', 'MIS AL-HUDA', 'Madrasah Ibtidaiyah', 'swasta', 'Jln. Merdeka No. 137 Banyuarang', 'JAWA TIMUR', 'JOMBANG', 'NGORO', NULL, '2026-01-22 02:45:38', '2026-01-22 02:45:38'),
(480, '111235170175', '60717508', 'MIS AL-ILAHIYAH', 'Madrasah Ibtidaiyah', 'swasta', 'Payak Mundil Rejoagung Ngoro Jombang', 'JAWA TIMUR', 'JOMBANG', 'NGORO', NULL, '2026-01-22 02:45:38', '2026-01-22 02:45:38'),
(481, '111235170176', '60717509', 'MIS DARUSSALAM', 'Madrasah Ibtidaiyah', 'swasta', 'Dsn. Ngrembang 004/002', 'JAWA TIMUR', 'JOMBANG', 'NGORO', NULL, '2026-01-22 02:45:38', '2026-01-22 02:45:38'),
(482, '111235170177', '60717510', 'MIS DARUSSALAM', 'Madrasah Ibtidaiyah', 'swasta', 'Jl. Moh. Hatta No. 05 Desa Badang', 'JAWA TIMUR', 'JOMBANG', 'NGORO', NULL, '2026-01-22 02:45:38', '2026-01-22 02:45:38'),
(483, '111235170178', '60717511', 'MIS DARUSSALAM PADAR', 'Madrasah Ibtidaiyah', 'swasta', 'Jln. Kali Kembar No. 01 Padar', 'JAWA TIMUR', 'JOMBANG', 'NGORO', NULL, '2026-01-22 02:45:38', '2026-01-22 02:45:38'),
(484, '111235170179', '60717512', 'MIS HADISSALAM', 'Madrasah Ibtidaiyah', 'swasta', 'Dusun Payak Santren', 'JAWA TIMUR', 'JOMBANG', 'NGORO', NULL, '2026-01-22 02:45:38', '2026-01-22 02:45:38'),
(485, '111235170180', '60717513', 'MIS ISLAMIYAH', 'Madrasah Ibtidaiyah', 'swasta', 'Jl. Suropati 37 Ngoro-Jombang 61473', 'JAWA TIMUR', 'JOMBANG', 'NGORO', NULL, '2026-01-22 02:45:38', '2026-01-22 02:45:38'),
(486, '111235170181', '60717514', 'MIS ISLAMIYAH GENUKWATU', 'Madrasah Ibtidaiyah', 'swasta', 'Jl. Doktren Mh. 04 Genukwatu', 'JAWA TIMUR', 'JOMBANG', 'NGORO', NULL, '2026-01-22 02:45:38', '2026-01-22 02:45:38'),
(487, '111235170182', '60717515', 'MIS ISLAMIYAH KWARINGAN', 'Madrasah Ibtidaiyah', 'swasta', 'Jln. Masjid No.14 Kwaringan Santren', 'JAWA TIMUR', 'JOMBANG', 'NGORO', NULL, '2026-01-22 02:45:38', '2026-01-22 02:45:38'),
(488, '111235170183', '60717516', 'MIS ISLAMIYAH KAUMAN', 'Madrasah Ibtidaiyah', 'swasta', 'Jln. Arjuna No. 4D Kauman Ngoro', 'JAWA TIMUR', 'JOMBANG', 'NGORO', NULL, '2026-01-22 02:45:38', '2026-01-22 02:45:38'),
(489, '111235170184', '60717517', 'MIS ISLAMIYAH BANJARPOH', 'Madrasah Ibtidaiyah', 'swasta', 'Jl. Raya Banjarpoh Pulorejo', 'JAWA TIMUR', 'JOMBANG', 'NGORO', NULL, '2026-01-22 02:45:38', '2026-01-22 02:45:38');
INSERT INTO `madrasah` (`id`, `nsm`, `npsn`, `nama_madrasah`, `jenjang`, `status`, `alamat`, `provinsi`, `kabupaten`, `kecamatan`, `kepala_madrasah`, `created_at`, `updated_at`) VALUES
(490, '111235170185', '60717518', 'MIS MIFTAHUL ULUM CERMENAN', 'Madrasah Ibtidaiyah', 'swasta', 'Jl. Masjid Al-Mujahidin Cermenan', 'JAWA TIMUR', 'JOMBANG', 'NGORO', NULL, '2026-01-22 02:45:38', '2026-01-22 02:45:38'),
(491, '111235170186', '60717519', 'MIS RADEN RAHMAT', 'Madrasah Ibtidaiyah', 'swasta', 'Jalan Sunan Kalijaga Sedati', 'JAWA TIMUR', 'JOMBANG', 'NGORO', NULL, '2026-01-22 02:45:38', '2026-01-22 02:45:38'),
(492, '111235170187', '60717520', 'MIS WALI AMINAH', 'Madrasah Ibtidaiyah', 'swasta', 'JL. KH. AHMADI NO. 01 NGASEM', 'JAWA TIMUR', 'JOMBANG', 'NGORO', NULL, '2026-01-22 02:45:38', '2026-01-22 02:45:38'),
(493, '111235170188', '60717521', 'MIS AL HIDAYAH', 'Madrasah Ibtidaiyah', 'swasta', 'Jl.Raya Raya Keboan No. 27', 'JAWA TIMUR', 'JOMBANG', 'NGUSIKAN', NULL, '2026-01-22 02:45:38', '2026-01-22 02:45:38'),
(494, '111235170189', '60717522', 'MIS PANCASILA', 'Madrasah Ibtidaiyah', 'swasta', 'Dusun Banyuasin', 'JAWA TIMUR', 'JOMBANG', 'NGUSIKAN', NULL, '2026-01-22 02:45:38', '2026-01-22 02:45:38'),
(495, '111235170190', '60717523', 'MIS RADEN FATAH', 'Madrasah Ibtidaiyah', 'swasta', 'Jl. Margo Utomo No. 62 Kedungbogo', 'JAWA TIMUR', 'JOMBANG', 'NGUSIKAN', NULL, '2026-01-22 02:45:38', '2026-01-22 02:45:38'),
(496, '111235170191', '60717524', 'MIS RADEN PATAH', 'Madrasah Ibtidaiyah', 'swasta', 'JL. PUCANG ARUM 106', 'JAWA TIMUR', 'JOMBANG', 'NGUSIKAN', NULL, '2026-01-22 02:45:38', '2026-01-22 02:45:38'),
(497, '111235170192', '60717525', 'MIS SUNAN GIRI', 'Madrasah Ibtidaiyah', 'swasta', 'NGAMPEL', 'JAWA TIMUR', 'JOMBANG', 'NGUSIKAN', NULL, '2026-01-22 02:45:38', '2026-01-22 02:45:38'),
(498, '111235170193', '60717526', 'MIS ABI HUROIROH', 'Madrasah Ibtidaiyah', 'swasta', 'Juwet', 'JAWA TIMUR', 'JOMBANG', 'PERAK', NULL, '2026-01-22 02:45:38', '2026-01-22 02:45:38'),
(499, '111235170194', '60717527', 'MIS AL-ANWAR', 'Madrasah Ibtidaiyah', 'swasta', 'Jl. Raya Cangkringrandu', 'JAWA TIMUR', 'JOMBANG', 'PERAK', NULL, '2026-01-22 02:45:38', '2026-01-22 02:45:38'),
(500, '111235170195', '60717528', 'MIS AL-HIKMAH', 'Madrasah Ibtidaiyah', 'swasta', 'JL. MASJID AL-MUBIN NO.58 SUMBERAGUNG', 'JAWA TIMUR', 'JOMBANG', 'PERAK', NULL, '2026-01-22 02:45:38', '2026-01-22 02:45:38'),
(501, '111235170196', '60717529', 'MIS AL-MUKMININ', 'Madrasah Ibtidaiyah', 'swasta', 'Jl. Masjid Al-Mukminin Kalangsemanding', 'JAWA TIMUR', 'JOMBANG', 'PERAK', NULL, '2026-01-22 02:45:38', '2026-01-22 02:45:38'),
(502, '111235170197', '60717530', 'MIS ISLAMIYAH', 'Madrasah Ibtidaiyah', 'swasta', 'Jl. Balai Desa Plosogenuk Perak Jombang', 'JAWA TIMUR', 'JOMBANG', 'PERAK', NULL, '2026-01-22 02:45:38', '2026-01-22 02:45:38'),
(503, '111235170198', '60717531', 'MIS KHULAFA\'URROSYIDIN', 'Madrasah Ibtidaiyah', 'swasta', 'Jalan Desa Ploso Dusun Ploso', 'JAWA TIMUR', 'JOMBANG', 'PERAK', NULL, '2026-01-22 02:45:38', '2026-01-22 02:45:38'),
(504, '111235170199', '60717532', 'MIS MIFTAHUL HUDA', 'Madrasah Ibtidaiyah', 'swasta', 'TEMUWULAN', 'JAWA TIMUR', 'JOMBANG', 'PERAK', NULL, '2026-01-22 02:45:38', '2026-01-22 02:45:38'),
(505, '111235170200', '60717533', 'MIS SAYYID ABDUR RAHMAN I', 'Madrasah Ibtidaiyah', 'swasta', 'Jl.masjid No. 41 Pagerwojo', 'JAWA TIMUR', 'JOMBANG', 'PERAK', NULL, '2026-01-22 02:45:38', '2026-01-22 02:45:38'),
(506, '111235170201', '60717534', 'MIS SAYID ABDURROHMAN II', 'Madrasah Ibtidaiyah', 'swasta', 'Jl. Masjid Pagerwojo', 'JAWA TIMUR', 'JOMBANG', 'PERAK', NULL, '2026-01-22 02:45:38', '2026-01-22 02:45:38'),
(507, '111235170202', '60717535', 'MIS SUNAN GIRI', 'Madrasah Ibtidaiyah', 'swasta', 'Jl. Raya Gadingmangu No. 7', 'JAWA TIMUR', 'JOMBANG', 'PERAK', NULL, '2026-01-22 02:45:38', '2026-01-22 02:45:38'),
(508, '111235170203', '60717536', 'MIS TARBIYATUT THOLIBIN', 'Madrasah Ibtidaiyah', 'swasta', 'Jl. Raya Sembung-Gudo Gg. Masjid No 7 Sembung', 'JAWA TIMUR', 'JOMBANG', 'PERAK', NULL, '2026-01-22 02:45:38', '2026-01-22 02:45:38'),
(509, '111235170204', '60717537', 'MIS UMAR ZAHID PERAK', 'Madrasah Ibtidaiyah', 'swasta', 'Jl. Embong Miring No. 82 Perak', 'JAWA TIMUR', 'JOMBANG', 'PERAK', NULL, '2026-01-22 02:45:38', '2026-01-22 02:45:38'),
(510, '111235170205', '60717539', 'MIS AL HIDAYAH', 'Madrasah Ibtidaiyah', 'swasta', 'Dsn.Budug RT.013 RW.003', 'JAWA TIMUR', 'JOMBANG', 'PETERONGAN', NULL, '2026-01-22 02:45:38', '2026-01-22 02:45:38'),
(511, '111235170206', '60717540', 'MIS AL HIDAYAH PAGOTAN', 'Madrasah Ibtidaiyah', 'swasta', 'Jl. Al Hidayah Pagotan Keplaksari Peterongan Jombang', 'JAWA TIMUR', 'JOMBANG', 'PETERONGAN', NULL, '2026-01-22 02:45:38', '2026-01-22 02:45:38'),
(512, '111235170207', '60717541', 'MIS ALKARAMAH', 'Madrasah Ibtidaiyah', 'swasta', 'Dusun Banjaranyar', 'JAWA TIMUR', 'JOMBANG', 'PETERONGAN', NULL, '2026-01-22 02:45:38', '2026-01-22 02:45:38'),
(513, '111235170208', '60717542', 'MIS HAYATUL ISLAM', 'Madrasah Ibtidaiyah', 'swasta', 'Morosunggingan', 'JAWA TIMUR', 'JOMBANG', 'PETERONGAN', NULL, '2026-01-22 02:45:38', '2026-01-22 02:45:38'),
(514, '111235170209', '60717543', 'MIS MASYHARIYAH', 'Madrasah Ibtidaiyah', 'swasta', 'Dusun Temulawak. Desa Kebontemu', 'JAWA TIMUR', 'JOMBANG', 'PETERONGAN', NULL, '2026-01-22 02:45:38', '2026-01-22 02:45:38'),
(515, '111235170210', '60717544', 'MIS MIFTAHUL FALAH', 'Madrasah Ibtidaiyah', 'swasta', 'Dusun Gempoldampet RT019 RW009', 'JAWA TIMUR', 'JOMBANG', 'PETERONGAN', NULL, '2026-01-22 02:45:38', '2026-01-22 02:45:38'),
(516, '111235170211', '60717545', 'MIS MIFTAHUL ULUM', 'Madrasah Ibtidaiyah', 'swasta', 'Jl. Adji Satro Widjoyo', 'JAWA TIMUR', 'JOMBANG', 'PETERONGAN', NULL, '2026-01-22 02:45:38', '2026-01-22 02:45:38'),
(517, '111235170212', '60717546', 'MIS NURUL HUDA', 'Madrasah Ibtidaiyah', 'swasta', 'Dusun Pule Desa Tanjunggunung', 'JAWA TIMUR', 'JOMBANG', 'PETERONGAN', NULL, '2026-01-22 02:45:38', '2026-01-22 02:45:38'),
(518, '111235170213', '60717547', 'MIS NURUL ULUM', 'Madrasah Ibtidaiyah', 'swasta', 'Dsn Tugu', 'JAWA TIMUR', 'JOMBANG', 'PETERONGAN', NULL, '2026-01-22 02:45:38', '2026-01-22 02:45:38'),
(519, '111235170214', '60717548', 'MIS RAHMAT SA\'ID', 'Madrasah Ibtidaiyah', 'swasta', 'Jl. Kol. H. Ismail Dsn. Bongkot Ds. Bongkot Rt.15 Rw.02', 'JAWA TIMUR', 'JOMBANG', 'PETERONGAN', NULL, '2026-01-22 02:45:38', '2026-01-22 02:45:38'),
(520, '111235170215', '60717549', 'MIS SABILUL HUDA', 'Madrasah Ibtidaiyah', 'swasta', 'Ds. Senden', 'JAWA TIMUR', 'JOMBANG', 'PETERONGAN', NULL, '2026-01-22 02:45:38', '2026-01-22 02:45:38'),
(521, '111235170216', '60717551', 'MIS DARUL MAARIF', 'Madrasah Ibtidaiyah', 'swasta', 'G. Arjuno No. 08', 'JAWA TIMUR', 'JOMBANG', 'PLANDAAN', NULL, '2026-01-22 02:45:38', '2026-01-22 02:45:38'),
(522, '111235170217', '60717552', 'MIS ISLAMIYAH', 'Madrasah Ibtidaiyah', 'swasta', 'Jl. Brumbung  01 Bangsri', 'JAWA TIMUR', 'JOMBANG', 'PLANDAAN', NULL, '2026-01-22 02:45:38', '2026-01-22 02:45:38'),
(523, '111235170218', '60717553', 'MIS RIYADLATUL FALLAH', 'Madrasah Ibtidaiyah', 'swasta', 'Jln Masjid No 14 Klampisan', 'JAWA TIMUR', 'JOMBANG', 'PLANDAAN', NULL, '2026-01-22 02:45:38', '2026-01-22 02:45:38'),
(524, '111235170219', '60717554', 'MIS AL HIDAYAH', 'Madrasah Ibtidaiyah', 'swasta', 'Jl. Abimanyu No.14', 'JAWA TIMUR', 'JOMBANG', 'PLANDAAN', NULL, '2026-01-22 02:45:38', '2026-01-22 02:45:38'),
(525, '111235170220', '60717555', 'MIS NIZHAMIYAH JATIGEDONG', 'Madrasah Ibtidaiyah', 'swasta', 'Jl. Sumatra,no.0', 'JAWA TIMUR', 'JOMBANG', 'PLOSO', NULL, '2026-01-22 02:45:38', '2026-01-22 02:45:38'),
(526, '111235170221', '60717556', 'MIS NIZHAMIYAH KEBONAGUNG', 'Madrasah Ibtidaiyah', 'swasta', 'Dsn. Patoman Ds. Kebonagung', 'JAWA TIMUR', 'JOMBANG', 'PLOSO', NULL, '2026-01-22 02:45:38', '2026-01-22 02:45:38'),
(527, '111235170222', '60717557', 'MIS NIZHAMIYAH', 'Madrasah Ibtidaiyah', 'swasta', 'Jl. Diponegoro No. 10 Rejoagung', 'JAWA TIMUR', 'JOMBANG', 'PLOSO', NULL, '2026-01-22 02:45:38', '2026-01-22 02:45:38'),
(528, '111235170223', '60717558', 'MIS NIZHAMIYAH', 'Madrasah Ibtidaiyah', 'swasta', 'Dsn. Kleco', 'JAWA TIMUR', 'JOMBANG', 'PLOSO', NULL, '2026-01-22 02:45:38', '2026-01-22 02:45:38'),
(529, '111235170224', '60717559', 'MIS NIZHOMIYAH', 'Madrasah Ibtidaiyah', 'swasta', 'Jl. Joyolengkoro No.06 Ploso', 'JAWA TIMUR', 'JOMBANG', 'PLOSO', NULL, '2026-01-22 02:45:38', '2026-01-22 02:45:38'),
(530, '111235170225', '60717560', 'MIS AL-FALAH', 'Madrasah Ibtidaiyah', 'swasta', 'Jln. H. Siddiq No.08 RT 003 / RW 002 Dsn.TRAWASAN', 'JAWA TIMUR', 'JOMBANG', 'SUMOBITO', NULL, '2026-01-22 02:45:38', '2026-01-22 02:45:38'),
(531, '111235170226', '60717561', 'MIS AL HIDAYAH PLEMAHAN', 'Madrasah Ibtidaiyah', 'swasta', 'Desa Plemahan', 'JAWA TIMUR', 'JOMBANG', 'SUMOBITO', NULL, '2026-01-22 02:45:38', '2026-01-22 02:45:38'),
(532, '111235170227', '60717562', 'MIS AL HIKMAH BALONGREJO', 'Madrasah Ibtidaiyah', 'swasta', 'BADAS', 'JAWA TIMUR', 'JOMBANG', 'SUMOBITO', NULL, '2026-01-22 02:45:38', '2026-01-22 02:45:38'),
(533, '111235170228', '60717563', 'MIS AL MUHAMMADY MENTORO', 'Madrasah Ibtidaiyah', 'swasta', 'Jl. Ki Ronopati No. 13', 'JAWA TIMUR', 'JOMBANG', 'SUMOBITO', NULL, '2026-01-22 02:45:38', '2026-01-22 02:45:38'),
(534, '111235170229', '60717564', 'MIS AT-TAQWA', 'Madrasah Ibtidaiyah', 'swasta', 'Jl.Perintis RT.03 RW.02', 'JAWA TIMUR', 'JOMBANG', 'SUMOBITO', NULL, '2026-01-22 02:45:38', '2026-01-22 02:45:38'),
(535, '111235170230', '60717565', 'MIS BUSTANUL ULUM', 'Madrasah Ibtidaiyah', 'swasta', 'Jln. Pahlawan No. 19 Sebani', 'JAWA TIMUR', 'JOMBANG', 'SUMOBITO', NULL, '2026-01-22 02:45:38', '2026-01-22 02:45:38'),
(536, '111235170231', '60717566', 'MIS BUSTANUL ULUM BAKALAN', 'Madrasah Ibtidaiyah', 'swasta', 'Jl. Pahlawan No.15', 'JAWA TIMUR', 'JOMBANG', 'SUMOBITO', NULL, '2026-01-22 02:45:38', '2026-01-22 02:45:38'),
(537, '111235170232', '60717567', 'MIS BUSTANUL ULUM', 'Madrasah Ibtidaiyah', 'swasta', 'Jl. Kauman No.18 Nglele', 'JAWA TIMUR', 'JOMBANG', 'SUMOBITO', NULL, '2026-01-22 02:45:38', '2026-01-22 02:45:38'),
(538, '111235170233', '60717568', 'MIS BUSTANUL ULUM MOJOKURIPAN', 'Madrasah Ibtidaiyah', 'swasta', 'Mojokuripan', 'JAWA TIMUR', 'JOMBANG', 'SUMOBITO', NULL, '2026-01-22 02:45:38', '2026-01-22 02:45:38'),
(539, '111235170234', '60717569', 'MIS BUSTANUL ULUM', 'Madrasah Ibtidaiyah', 'swasta', 'PLOSOKEREP', 'JAWA TIMUR', 'JOMBANG', 'SUMOBITO', NULL, '2026-01-22 02:45:38', '2026-01-22 02:45:38'),
(540, '111235170235', '60717570', 'MIS BUSTANUL ULUM BRUDU', 'Madrasah Ibtidaiyah', 'swasta', 'Jl. Moh. Nandar Ds. Brudu', 'JAWA TIMUR', 'JOMBANG', 'SUMOBITO', NULL, '2026-01-22 02:45:38', '2026-01-22 02:45:38'),
(541, '111235170236', '60717571', 'MIS BUSTANUL ULUM PLOSOKEREP', 'Madrasah Ibtidaiyah', 'swasta', 'Plosokerep RT/RW. 01/04', 'JAWA TIMUR', 'JOMBANG', 'SUMOBITO', NULL, '2026-01-22 02:45:38', '2026-01-22 02:45:38'),
(542, '111235170237', '60717572', 'MIS BUSTANUL ULUM BADAS', 'Madrasah Ibtidaiyah', 'swasta', 'Jl. Masjid Al-Falah RT/RW 04/02 Dsn Badas', 'JAWA TIMUR', 'JOMBANG', 'SUMOBITO', NULL, '2026-01-22 02:45:38', '2026-01-22 02:45:38'),
(543, '111235170238', '60717573', 'MIS BUSTANUL ULUM', 'Madrasah Ibtidaiyah', 'swasta', 'Jl. KH. Abdurrochim RT: 003 RW: 001', 'JAWA TIMUR', 'JOMBANG', 'SUMOBITO', NULL, '2026-01-22 02:45:38', '2026-01-22 02:45:38'),
(544, '111235170239', '60717574', 'MIS BUSTANUL ULUM', 'Madrasah Ibtidaiyah', 'swasta', 'Jl. Masjid Ash-Shiddiqi, Dusun. Sembujo', 'JAWA TIMUR', 'JOMBANG', 'SUMOBITO', NULL, '2026-01-22 02:45:38', '2026-01-22 02:45:38'),
(545, '111235170240', '60717575', 'MIS DARUSSALAM', 'Madrasah Ibtidaiyah', 'swasta', 'Dsn. Krajan RT/RW 03/03', 'JAWA TIMUR', 'JOMBANG', 'SUMOBITO', NULL, '2026-01-22 02:45:38', '2026-01-22 02:45:38'),
(546, '111235170241', '60717576', 'MIS KREATIF KHOIRIYAH', 'Madrasah Ibtidaiyah', 'swasta', 'Jl. Kauman No. 01 Sumobito', 'JAWA TIMUR', 'JOMBANG', 'SUMOBITO', NULL, '2026-01-22 02:45:38', '2026-01-22 02:45:38'),
(547, '111235170242', '60717577', 'MIS MUHAMADIYAH 6', 'Madrasah Ibtidaiyah', 'swasta', 'Wonosari, Gedangan', 'JAWA TIMUR', 'JOMBANG', 'SUMOBITO', NULL, '2026-01-22 02:45:38', '2026-01-22 02:45:38'),
(548, '111235170243', '60717578', 'MIS SABILIRRIDLO', 'Madrasah Ibtidaiyah', 'swasta', 'Dsn. Sarirejo Rt./rw. 003/001', 'JAWA TIMUR', 'JOMBANG', 'SUMOBITO', NULL, '2026-01-22 02:45:38', '2026-01-22 02:45:38'),
(549, '111235170244', '60717579', 'MIS AL-HIKMAH', 'Madrasah Ibtidaiyah', 'swasta', 'Jl. Melati No. 21 Jatiwates', 'JAWA TIMUR', 'JOMBANG', 'TEMBELANG', NULL, '2026-01-22 02:45:38', '2026-01-22 02:45:38'),
(550, '111235170245', '60717580', 'MIS AL-IHSAN', 'Madrasah Ibtidaiyah', 'swasta', 'Jl. Anggrek 06 Kalijaring', 'JAWA TIMUR', 'JOMBANG', 'TEMBELANG', NULL, '2026-01-22 02:45:38', '2026-01-22 02:45:38'),
(551, '111235170246', '60717581', 'MIS AL-IMAN', 'Madrasah Ibtidaiyah', 'swasta', 'Jl. Walet', 'JAWA TIMUR', 'JOMBANG', 'TEMBELANG', NULL, '2026-01-22 02:45:38', '2026-01-22 02:45:38'),
(552, '111235170247', '60717582', 'MIS ARROSYIDIN', 'Madrasah Ibtidaiyah', 'swasta', 'Jl. Delima No. 87', 'JAWA TIMUR', 'JOMBANG', 'TEMBELANG', NULL, '2026-01-22 02:45:38', '2026-01-22 02:45:38'),
(553, '111235170248', '60717583', 'MIS DARUL ULUM KEPUHDOKO', 'Madrasah Ibtidaiyah', 'swasta', 'Komplek Pp Darul Ulum Kepuhdoko', 'JAWA TIMUR', 'JOMBANG', 'TEMBELANG', NULL, '2026-01-22 02:45:38', '2026-01-22 02:45:38'),
(554, '111235170249', '60717584', 'MIS MADINATUL ULUM', 'Madrasah Ibtidaiyah', 'swasta', 'Jalan Mojokrapak', 'JAWA TIMUR', 'JOMBANG', 'TEMBELANG', NULL, '2026-01-22 02:45:38', '2026-01-22 02:45:38'),
(555, '111235170250', '60717585', 'MIS MIFTAHUL MA\'ARIF', 'Madrasah Ibtidaiyah', 'swasta', 'Jl. K. Nuh Dsn Balongombo Desa Tembelang Kec. Tembelang', 'JAWA TIMUR', 'JOMBANG', 'TEMBELANG', NULL, '2026-01-22 02:45:38', '2026-01-22 02:45:38'),
(556, '111235170251', '60717586', 'MIS MUHAMMADIYAH 4', 'Madrasah Ibtidaiyah', 'swasta', 'Jl.melati No 11 B', 'JAWA TIMUR', 'JOMBANG', 'TEMBELANG', NULL, '2026-01-22 02:45:38', '2026-01-22 02:45:38'),
(557, '111235170252', '60717587', 'MIS MUHAMMADIYAH 10', 'Madrasah Ibtidaiyah', 'swasta', 'Jl. Diponegoro No. 1', 'JAWA TIMUR', 'JOMBANG', 'TEMBELANG', NULL, '2026-01-22 02:45:38', '2026-01-22 02:45:38'),
(558, '111235170253', '60717588', 'MIS NIZHOMIYAH SENTUL', 'Madrasah Ibtidaiyah', 'swasta', 'Jl. Ahmad Yani No34', 'JAWA TIMUR', 'JOMBANG', 'TEMBELANG', NULL, '2026-01-22 02:45:38', '2026-01-22 02:45:38'),
(559, '111235170254', '60717589', 'MIS SYAFAAT', 'Madrasah Ibtidaiyah', 'swasta', 'Jl. Raya Pesantren No. 43', 'JAWA TIMUR', 'JOMBANG', 'TEMBELANG', NULL, '2026-01-22 02:45:38', '2026-01-22 02:45:38'),
(560, '111235170255', '60717590', 'MIS ANJASMORO', 'Madrasah Ibtidaiyah', 'swasta', 'Jl. Padepokan Tegopati No.20', 'JAWA TIMUR', 'JOMBANG', 'WONOSALAM', NULL, '2026-01-22 02:45:38', '2026-01-22 02:45:38'),
(561, '111235170256', '60717591', 'MIS BABUL HUDA', 'Madrasah Ibtidaiyah', 'swasta', 'Jln. Carangwulung', 'JAWA TIMUR', 'JOMBANG', 'WONOSALAM', NULL, '2026-01-22 02:45:38', '2026-01-22 02:45:38'),
(562, '111235170257', '60717592', 'MIS FASER', 'Madrasah Ibtidaiyah', 'swasta', 'Jl Panglungan No. 28', 'JAWA TIMUR', 'JOMBANG', 'WONOSALAM', NULL, '2026-01-22 02:45:38', '2026-01-22 02:45:38'),
(563, '111235170258', '60717593', 'MIS MIFTAHUL HUDA', 'Madrasah Ibtidaiyah', 'swasta', 'Dsn Wonotirto Rt 002 Rw 005', 'JAWA TIMUR', 'JOMBANG', 'WONOSALAM', NULL, '2026-01-22 02:45:38', '2026-01-22 02:45:38'),
(564, '111235170259', '60717594', 'MIS SUNAN AMPEL', 'Madrasah Ibtidaiyah', 'swasta', 'Pengajaran Galengdowo', 'JAWA TIMUR', 'JOMBANG', 'WONOSALAM', NULL, '2026-01-22 02:45:38', '2026-01-22 02:45:38'),
(565, '111235170260', '60717503', 'MIS NU ZUMROTUL FAIZIN', 'Madrasah Ibtidaiyah', 'swasta', 'Dsn. Mojogeneng RT.09 RW.03', 'JAWA TIMUR', 'JOMBANG', 'MOJOWARNO', NULL, '2026-01-22 02:45:38', '2026-01-22 02:45:38'),
(566, '111235170261', '69894685', 'MIS UNGGULAN ASSALAM', 'Madrasah Ibtidaiyah', 'swasta', 'Jl. Marga Utama No.10', 'JAWA TIMUR', 'JOMBANG', 'MOJOWARNO', NULL, '2026-01-22 02:45:38', '2026-01-22 02:45:38'),
(567, '111235170262', '69894681', 'MIS MUJAHIDIN', 'Madrasah Ibtidaiyah', 'swasta', 'BABATAN', 'JAWA TIMUR', 'JOMBANG', 'DIWEK', NULL, '2026-01-22 02:45:38', '2026-01-22 02:45:38'),
(568, '111235170263', '69894684', 'MIS UNGGULAN NADHLATUL ULAMA', 'Madrasah Ibtidaiyah', 'swasta', 'DSN.KEBONSARI RT 02 RW 02', 'JAWA TIMUR', 'JOMBANG', 'MOJOAGUNG', NULL, '2026-01-22 02:45:38', '2026-01-22 02:45:38'),
(569, '111235170264', '69894686', 'MIS UNGGULAN ANNUR', 'Madrasah Ibtidaiyah', 'swasta', 'Gg. Mancar Selatan Dusun Mancar Timur', 'JAWA TIMUR', 'JOMBANG', 'PETERONGAN', NULL, '2026-01-22 02:45:38', '2026-01-22 02:45:38'),
(570, '111235170265', '69894682', 'MIS AL-ALIF', 'Madrasah Ibtidaiyah', 'swasta', 'Jl. Masjid RT 03 RW 01', 'JAWA TIMUR', 'JOMBANG', 'GUDO', NULL, '2026-01-22 02:45:38', '2026-01-22 02:45:38'),
(571, '111235170266', '69894683', 'MIS MIFTAHUL JANNAH', 'Madrasah Ibtidaiyah', 'swasta', 'Karang Tengah', 'JAWA TIMUR', 'JOMBANG', 'GUDO', NULL, '2026-01-22 02:45:38', '2026-01-22 02:45:38'),
(572, '111235170267', '69927610', 'MIS MIFTACHUL ILMI', 'Madrasah Ibtidaiyah', 'swasta', 'Dsn. Kedungmlati', 'JAWA TIMUR', 'JOMBANG', 'KESAMBEN', NULL, '2026-01-22 02:45:38', '2026-01-22 02:45:38'),
(573, '111235170268', '69977717', 'MIS UNGGULAN DARUL ULUM', 'Madrasah Ibtidaiyah', 'swasta', 'Jl. Dipo No. 4 Dusun Gerbo', 'JAWA TIMUR', 'JOMBANG', 'MOJOWARNO', NULL, '2026-01-22 02:45:38', '2026-01-22 02:45:38'),
(574, '111235170269', '69977718', 'MIS PLUS DARUL FALAH', 'Madrasah Ibtidaiyah', 'swasta', 'JL. YOS SUDARSO N0.6 KOMPLEK MASJID DARUL FALAH', 'JAWA TIMUR', 'JOMBANG', 'MOJOAGUNG', NULL, '2026-01-22 02:45:38', '2026-01-22 02:45:38'),
(575, '111235170270', '70012577', 'MIS MAMBA\'UL MA\'ARIF NGUSIKAN', 'Madrasah Ibtidaiyah', 'swasta', 'Jln.Tanjung Baru', 'JAWA TIMUR', 'JOMBANG', 'NGUSIKAN', NULL, '2026-01-22 02:45:38', '2026-01-22 02:45:38'),
(576, '111235170271', '70027372', 'MI WAHDATUT THOLIBIN', 'Madrasah Ibtidaiyah', 'swasta', 'DSN. NGUMPAK', 'JAWA TIMUR', 'JOMBANG', 'PLOSO', NULL, '2026-01-22 02:45:38', '2026-01-22 02:45:38'),
(577, '111235170272', '70034463', 'MI AL AZHAR', 'Madrasah Ibtidaiyah', 'swasta', 'Jl. RAYA GUDO DUSUN SEKARU', 'JAWA TIMUR', 'JOMBANG', 'GUDO', NULL, '2026-01-22 02:45:38', '2026-01-22 02:45:38'),
(578, '111235170273', '70034396', 'MI Al-Hidayah Grudo', 'Madrasah Ibtidaiyah', 'swasta', 'Dusun grudo RT 02 RW 04, desa madiopuro, kecamatan sumobito', 'JAWA TIMUR', 'JOMBANG', 'SUMOBITO', NULL, '2026-01-22 02:45:38', '2026-01-22 02:45:38'),
(579, '111235170274', '70034953', 'MI AL-QUR\'AN BUSTANUL ULUM', 'Madrasah Ibtidaiyah', 'swasta', 'Dsn. Losari', 'JAWA TIMUR', 'JOMBANG', 'GUDO', NULL, '2026-01-22 02:45:38', '2026-01-22 02:45:38'),
(580, '111235170275', '70034298', 'MI TAHFIDZUL QUR\'AN DARUN NAJAH', 'Madrasah Ibtidaiyah', 'swasta', 'JLN GERILYA 004/002 NGLEREP', 'JAWA TIMUR', 'JOMBANG', 'DIWEK', NULL, '2026-01-22 02:45:38', '2026-01-22 02:45:38'),
(581, '121135170001', '20582294', 'MTSN 11 JOMBANG', 'Madrasah Tsanawiyah', 'negeri', 'Jalan Ahmad Yani No. 43-B', 'JAWA TIMUR', 'JOMBANG', 'BARENG', NULL, '2026-01-22 02:45:38', '2026-01-22 02:45:38'),
(582, '121135170002', '20582297', 'MTSN 9 JOMBANG', 'Madrasah Tsanawiyah', 'negeri', 'Jl. Cukir Mojowarno No. 1 Tanjunganom', 'JAWA TIMUR', 'JOMBANG', 'DIWEK', NULL, '2026-01-22 02:45:38', '2026-01-22 02:45:38'),
(583, '121135170003', '20582298', 'MTSN 15 JOMBANG', 'Madrasah Tsanawiyah', 'negeri', 'JL. PP. AL ASYARI KERAS', 'JAWA TIMUR', 'JOMBANG', 'DIWEK', NULL, '2026-01-22 02:45:38', '2026-01-22 02:45:38'),
(584, '121135170004', '20582299', 'MTSN 1 JOMBANG', 'Madrasah Tsanawiyah', 'negeri', 'Jl. Prof. Moh. Yamin No. 56', 'JAWA TIMUR', 'JOMBANG', 'DIWEK', NULL, '2026-01-22 02:45:38', '2026-01-22 02:45:38'),
(585, '121135170005', '20582324', 'MTSN 6 JOMBANG', 'Madrasah Tsanawiyah', 'negeri', 'Semanding', 'JAWA TIMUR', 'JOMBANG', 'JOGOROTO', NULL, '2026-01-22 02:45:38', '2026-01-22 02:45:38'),
(586, '121135170006', '20582339', 'MTSN 4 JOMBANG', 'Madrasah Tsanawiyah', 'negeri', 'JL. KH. BISHRI SYANSURI NO. 77 JOMBANG', 'JAWA TIMUR', 'JOMBANG', 'JOMBANG', NULL, '2026-01-22 02:45:38', '2026-01-22 02:45:38'),
(587, '121135170007', '20582340', 'MTSN 3 JOMBANG', 'Madrasah Tsanawiyah', 'negeri', 'Jl. Kh. Abdul Wahab Chasbulloh Gg. III Tambakberas Jombang', 'JAWA TIMUR', 'JOMBANG', 'JOMBANG', NULL, '2026-01-22 02:45:38', '2026-01-22 02:45:38'),
(588, '121135170008', '20582351', 'MTSN 8 JOMBANG', 'Madrasah Tsanawiyah', 'negeri', 'Jl. Raya Carangrejo No. 47 Kesamben Jombang', 'JAWA TIMUR', 'JOMBANG', 'KESAMBEN', NULL, '2026-01-22 02:45:38', '2026-01-22 02:45:38'),
(589, '121135170009', '20582358', 'MTSN 14 JOMBANG', 'Madrasah Tsanawiyah', 'negeri', 'JL. KH. MOH. IRSYAD NO. 12', 'JAWA TIMUR', 'JOMBANG', 'MEGALUH', NULL, '2026-01-22 02:45:38', '2026-01-22 02:45:38'),
(590, '121135170010', '20582361', 'MTSN 10 JOMBANG', 'Madrasah Tsanawiyah', 'negeri', 'Jl. Raya Sumobito Jetis Mancilan Mojoagung', 'JAWA TIMUR', 'JOMBANG', 'MOJOAGUNG', NULL, '2026-01-22 02:45:38', '2026-01-22 02:45:38'),
(591, '121135170011', '20582378', 'MTSN 17 JOMBANG', 'Madrasah Tsanawiyah', 'negeri', 'NGREMBANG REJOAGUNG NGORO JOMBANG 61473', 'JAWA TIMUR', 'JOMBANG', 'NGORO', NULL, '2026-01-22 02:45:38', '2026-01-22 02:45:38'),
(592, '121135170012', '20582386', 'MTSN 5 JOMBANG', 'Madrasah Tsanawiyah', 'negeri', 'JL. PENDIDIKAN NO. 44 JOMBANG', 'JAWA TIMUR', 'JOMBANG', 'NGUSIKAN', NULL, '2026-01-22 02:45:38', '2026-01-22 02:45:38'),
(593, '121135170013', '20582388', 'MTSN 13 JOMBANG', 'Madrasah Tsanawiyah', 'negeri', 'Jl. RAYA SEMBUNG PERAK', 'JAWA TIMUR', 'JOMBANG', 'PERAK', NULL, '2026-01-22 02:45:38', '2026-01-22 02:45:38'),
(594, '121135170014', '20582393', 'MTSN 2 JOMBANG', 'Madrasah Tsanawiyah', 'negeri', 'Pon.pes Darul Ulum Rejoso Peterongan', 'JAWA TIMUR', 'JOMBANG', 'PETERONGAN', NULL, '2026-01-22 02:45:38', '2026-01-22 02:45:38'),
(595, '121135170015', '20582403', 'MTSN 12 JOMBANG', 'Madrasah Tsanawiyah', 'negeri', 'Jl. Ds. Nglele Kec. Sumobito Kab. Jombang', 'JAWA TIMUR', 'JOMBANG', 'SUMOBITO', NULL, '2026-01-22 02:45:38', '2026-01-22 02:45:38'),
(596, '121135170016', '20582409', 'MTSN 16 JOMBANG', 'Madrasah Tsanawiyah', 'negeri', 'Jl. Raya Tembelang No. 459', 'JAWA TIMUR', 'JOMBANG', 'TEMBELANG', NULL, '2026-01-22 02:45:38', '2026-01-22 02:45:38'),
(597, '121135170017', '20582415', 'MTSN 7 JOMBANG', 'Madrasah Tsanawiyah', 'negeri', 'Jl.Raya Panglungan No. 27 Wonosalam Jombang', 'JAWA TIMUR', 'JOMBANG', 'WONOSALAM', NULL, '2026-01-22 02:45:38', '2026-01-22 02:45:38'),
(598, '121135170018', '69994642', 'MTSN 18 JOMBANG', 'Madrasah Tsanawiyah', 'negeri', 'JL. RAYA BRANTAS NO. 121 A', 'JAWA TIMUR', 'JOMBANG', 'KUDU', NULL, '2026-01-22 02:45:38', '2026-01-22 02:45:38'),
(599, '121235170001', '20582291', 'MTSS AL ASYARIYAH', 'Madrasah Tsanawiyah', 'swasta', 'Jl Raya Utama No 57', 'JAWA TIMUR', 'JOMBANG', 'BANDARKEDUNGMULYO', NULL, '2026-01-22 02:45:38', '2026-01-22 02:45:38'),
(600, '121235170002', '20582292', 'MTSS AL-HIKMAH', 'Madrasah Tsanawiyah', 'swasta', 'Jl. Raya Pucangsimo', 'JAWA TIMUR', 'JOMBANG', 'BANDARKEDUNGMULYO', NULL, '2026-01-22 02:45:38', '2026-01-22 02:45:38'),
(601, '121235170003', '20582293', 'MTSS UMAR ZAHID SEMELO', 'Madrasah Tsanawiyah', 'swasta', 'Jl. Masjid Umar Zahid Semelo Rt/rw : 05/01', 'JAWA TIMUR', 'JOMBANG', 'BANDARKEDUNGMULYO', NULL, '2026-01-22 02:45:38', '2026-01-22 02:45:38'),
(602, '121235170004', '20582295', 'MTSS AL IHSAN', 'Madrasah Tsanawiyah', 'swasta', 'Jl. Pepaya 6A', 'JAWA TIMUR', 'JOMBANG', 'BARENG', NULL, '2026-01-22 02:45:38', '2026-01-22 02:45:38'),
(603, '121235170005', '20582296', 'MTSS BAHRUL ULUM', 'Madrasah Tsanawiyah', 'swasta', 'KEBONDALEM', 'JAWA TIMUR', 'JOMBANG', 'BARENG', NULL, '2026-01-22 02:45:38', '2026-01-22 02:45:38'),
(604, '121235170006', '20582301', 'MTSS AL-ANWAR', 'Madrasah Tsanawiyah', 'swasta', 'Paculgowang', 'JAWA TIMUR', 'JOMBANG', 'DIWEK', NULL, '2026-01-22 02:45:38', '2026-01-22 02:45:38'),
(605, '121235170007', '20582302', 'MTSS AL-AS AD BRAMBANG', 'Madrasah Tsanawiyah', 'swasta', 'Jalan Masjid No.06 Desa Brambang', 'JAWA TIMUR', 'JOMBANG', 'DIWEK', NULL, '2026-01-22 02:45:38', '2026-01-22 02:45:38'),
(606, '121235170008', '20582303', 'MTSS AL-HILAL', 'Madrasah Tsanawiyah', 'swasta', 'JL. MASJID AL-HIKMAH BALONGOMBO PUNDONG DIWEK JOMBANG', 'JAWA TIMUR', 'JOMBANG', 'DIWEK', NULL, '2026-01-22 02:45:38', '2026-01-22 02:45:38'),
(607, '121235170009', '20582304', 'MTSS PLUS AL-MUNAWAROH', 'Madrasah Tsanawiyah', 'swasta', 'Ngemplak Ngudirejo', 'JAWA TIMUR', 'JOMBANG', 'DIWEK', NULL, '2026-01-22 02:45:38', '2026-01-22 02:45:38'),
(608, '121235170010', '20582305', 'MTSS AL URWATUL WUTSQO', 'Madrasah Tsanawiyah', 'swasta', 'Jln. Kh. M. Yaqub Husein', 'JAWA TIMUR', 'JOMBANG', 'DIWEK', NULL, '2026-01-22 02:45:38', '2026-01-22 02:45:38'),
(609, '121235170011', '20582306', 'MTSS AR-RAHMAN', 'Madrasah Tsanawiyah', 'swasta', 'Jl. Masjid Baiturrahman No.12 Nglaban', 'JAWA TIMUR', 'JOMBANG', 'DIWEK', NULL, '2026-01-22 02:45:38', '2026-01-22 02:45:38'),
(610, '121235170012', '20582307', 'MTSS AT-TAUFIQ', 'Madrasah Tsanawiyah', 'swasta', 'GROGOL', 'JAWA TIMUR', 'JOMBANG', 'DIWEK', NULL, '2026-01-22 02:45:38', '2026-01-22 02:45:38'),
(611, '121235170013', '20582308', 'MTSS DARUL FALAH', 'Madrasah Tsanawiyah', 'swasta', 'Jl Timur Pasar Cukir', 'JAWA TIMUR', 'JOMBANG', 'DIWEK', NULL, '2026-01-22 02:45:38', '2026-01-22 02:45:38'),
(612, '121235170014', '20582309', 'MTSS DARUL-HIKMAH', 'Madrasah Tsanawiyah', 'swasta', 'Jl. H. Umar No 17 Rt/rw:04/02 Bandungsari Bandung', 'JAWA TIMUR', 'JOMBANG', 'DIWEK', NULL, '2026-01-22 02:45:38', '2026-01-22 02:45:38'),
(613, '121235170015', '20582310', 'MTSS DARUL HIKMAH DIWEK', 'Madrasah Tsanawiyah', 'swasta', 'JL. RAYA GG MASJID BESAR NO. 67', 'JAWA TIMUR', 'JOMBANG', 'DIWEK', NULL, '2026-01-22 02:45:38', '2026-01-22 02:45:38'),
(614, '121235170016', '20582311', 'MTSS DARUL ULUM BANDUNG', 'Madrasah Tsanawiyah', 'swasta', 'Jl. Raya Bandung No. 32', 'JAWA TIMUR', 'JOMBANG', 'DIWEK', NULL, '2026-01-22 02:45:38', '2026-01-22 02:45:38'),
(615, '121235170017', '20582312', 'MTSS DAARUSSALAAM', 'Madrasah Tsanawiyah', 'swasta', 'Jln. Raya Keras Utara, Desa Keras.', 'JAWA TIMUR', 'JOMBANG', 'DIWEK', NULL, '2026-01-22 02:45:38', '2026-01-22 02:45:38'),
(616, '121235170018', '20582313', 'MTSS MADRASATUL QUR AN', 'Madrasah Tsanawiyah', 'swasta', 'Jl. IRIAN JAYA TEBUIRENG', 'JAWA TIMUR', 'JOMBANG', 'DIWEK', NULL, '2026-01-22 02:45:38', '2026-01-22 02:45:38'),
(617, '121235170019', '20582314', 'MTSS MIFTAHUL ULUM', 'Madrasah Tsanawiyah', 'swasta', 'Kedawong Diwek Jombang', 'JAWA TIMUR', 'JOMBANG', 'DIWEK', NULL, '2026-01-22 02:45:38', '2026-01-22 02:45:38'),
(618, '121235170020', '20582315', 'MTSS NURUL IMAN', 'Madrasah Tsanawiyah', 'swasta', 'Jl. Cukir - Mojowarno Gg. Masjid Dusun Dempok', 'JAWA TIMUR', 'JOMBANG', 'DIWEK', NULL, '2026-01-22 02:45:38', '2026-01-22 02:45:38'),
(619, '121235170021', '20582316', 'MTSS PERGURUAN MU ALLIMAT', 'Madrasah Tsanawiyah', 'swasta', 'Jl. Kediri No 2-3 Cukir', 'JAWA TIMUR', 'JOMBANG', 'DIWEK', NULL, '2026-01-22 02:45:38', '2026-01-22 02:45:38'),
(620, '121235170022', '20582317', 'MTSS SALAFIYAH SYAFIIYAH', 'Madrasah Tsanawiyah', 'swasta', 'Jl. Raya No. 14 Bandung', 'JAWA TIMUR', 'JOMBANG', 'DIWEK', NULL, '2026-01-22 02:45:38', '2026-01-22 02:45:38'),
(621, '121235170023', '20582318', 'MTSS SALAFIYAH SYAFI IYAH', 'Madrasah Tsanawiyah', 'swasta', 'Pp. Salafiyah Syafiiyah Seblak', 'JAWA TIMUR', 'JOMBANG', 'DIWEK', NULL, '2026-01-22 02:45:38', '2026-01-22 02:45:38'),
(622, '121235170024', '20582319', 'MTSS SALAFIYAH SYAFI\'IYAH TEBUIRENG', 'Madrasah Tsanawiyah', 'swasta', 'Jl. Irian Jaya Tromol Pos 5 Tebuireng', 'JAWA TIMUR', 'JOMBANG', 'DIWEK', NULL, '2026-01-22 02:45:38', '2026-01-22 02:45:38'),
(623, '121235170025', '20582320', 'MTSS TERPADU MISYKAT AL-ANWAR', 'Madrasah Tsanawiyah', 'swasta', 'Jl. Minha No. 1', 'JAWA TIMUR', 'JOMBANG', 'DIWEK', NULL, '2026-01-22 02:45:38', '2026-01-22 02:45:38'),
(624, '121235170026', '20582322', 'MTSS HAGUSSALIM', 'Madrasah Tsanawiyah', 'swasta', 'Jl.Raya No. 8 Pesanggrahan', 'JAWA TIMUR', 'JOMBANG', 'GUDO', NULL, '2026-01-22 02:45:38', '2026-01-22 02:45:38'),
(625, '121235170027', '20582323', 'MTSS WAHID HASYIM', 'Madrasah Tsanawiyah', 'swasta', 'Jl. Raya Krembangan, Desa Krembangan', 'JAWA TIMUR', 'JOMBANG', 'GUDO', NULL, '2026-01-22 02:45:38', '2026-01-22 02:45:38'),
(626, '121235170028', '20582325', 'MTSS AL-HIKMAH', 'Madrasah Tsanawiyah', 'swasta', 'Jl. Raya Yanti No. 222', 'JAWA TIMUR', 'JOMBANG', 'JOGOROTO', NULL, '2026-01-22 02:45:38', '2026-01-22 02:45:38'),
(627, '121235170029', '20582326', 'MTSS AL IHSAN SAWAHAN', 'Madrasah Tsanawiyah', 'swasta', 'Jl. Raya Sawahan No. 2B Sambirejo Jogoroto', 'JAWA TIMUR', 'JOMBANG', 'JOGOROTO', NULL, '2026-01-22 02:45:38', '2026-01-22 02:45:38'),
(628, '121235170030', '20582327', 'MTSS AL-IKHLAS', 'Madrasah Tsanawiyah', 'swasta', 'Alang - Alang Caruban', 'JAWA TIMUR', 'JOMBANG', 'JOGOROTO', NULL, '2026-01-22 02:45:38', '2026-01-22 02:45:38'),
(629, '121235170031', '20582328', 'MTSS BABUSSALAM', 'Madrasah Tsanawiyah', 'swasta', 'Jl Masjid Al-Muchlisin 49 Tambar', 'JAWA TIMUR', 'JOMBANG', 'JOGOROTO', NULL, '2026-01-22 02:45:38', '2026-01-22 02:45:38'),
(630, '121235170032', '20582329', 'MTSS DARUL HIKMAH', 'Madrasah Tsanawiyah', 'swasta', 'Beji Sawiji Jogoroto Jombang', 'JAWA TIMUR', 'JOMBANG', 'JOGOROTO', NULL, '2026-01-22 02:45:38', '2026-01-22 02:45:38'),
(631, '121235170033', '20582330', 'MTSS DARUL ULUM', 'Madrasah Tsanawiyah', 'swasta', 'JOGOROTO', 'JAWA TIMUR', 'JOMBANG', 'JOGOROTO', NULL, '2026-01-22 02:45:38', '2026-01-22 02:45:38'),
(632, '121235170034', '20582331', 'MTSS DARUL ULUM NGUMPUL', 'Madrasah Tsanawiyah', 'swasta', 'Jln Buyut Sudriyo RT  8 rw 4 ngumpul', 'JAWA TIMUR', 'JOMBANG', 'JOGOROTO', NULL, '2026-01-22 02:45:38', '2026-01-22 02:45:38'),
(633, '121235170035', '20582332', 'MTSS GHOZALIYAH', 'Madrasah Tsanawiyah', 'swasta', 'Sidowaras', 'JAWA TIMUR', 'JOMBANG', 'JOGOROTO', NULL, '2026-01-22 02:45:38', '2026-01-22 02:45:38'),
(634, '121235170036', '20582333', 'MTSS MAMBAUL ULUM', 'Madrasah Tsanawiyah', 'swasta', 'Jl. Masjid Sholihin Dsn, Corogo Rt : 5 Rw : 9', 'JAWA TIMUR', 'JOMBANG', 'JOGOROTO', NULL, '2026-01-22 02:45:38', '2026-01-22 02:45:38'),
(635, '121235170037', '20582334', 'MTSS MIDANUTTA\'LIM', 'Madrasah Tsanawiyah', 'swasta', 'Dsn Mayangan RT/RW : 019/006', 'JAWA TIMUR', 'JOMBANG', 'JOGOROTO', NULL, '2026-01-22 02:45:38', '2026-01-22 02:45:38'),
(636, '121235170038', '20582335', 'MTSS MIFTAHUL ULUM', 'Madrasah Tsanawiyah', 'swasta', 'Jl. Raya Jarak', 'JAWA TIMUR', 'JOMBANG', 'JOGOROTO', NULL, '2026-01-22 02:45:38', '2026-01-22 02:45:38'),
(637, '121235170039', '20582336', 'MTSS MUHAMMADIYAH 02', 'Madrasah Tsanawiyah', 'swasta', 'Jl. Raya Jogoroto No. 78', 'JAWA TIMUR', 'JOMBANG', 'JOGOROTO', NULL, '2026-01-22 02:45:38', '2026-01-22 02:45:38'),
(638, '121235170040', '20582337', 'MTSS NURUL QUR AN', 'Madrasah Tsanawiyah', 'swasta', 'Bendungrejo  Rt 003 / Rw 013', 'JAWA TIMUR', 'JOMBANG', 'JOGOROTO', NULL, '2026-01-22 02:45:38', '2026-01-22 02:45:38'),
(639, '121235170041', '20582341', 'MTSS AT-TAUFIQ SAMBONGDUKUH', 'Madrasah Tsanawiyah', 'swasta', 'JL. BRIGJEND KRETARTO NO.07', 'JAWA TIMUR', 'JOMBANG', 'JOMBANG', NULL, '2026-01-22 02:45:38', '2026-01-22 02:45:38'),
(640, '121235170042', '20582342', 'MTSS BAHRUL ULUM TAMBAKBERAS', 'Madrasah Tsanawiyah', 'swasta', 'Jl. KH. Wahab Hasbulloh 194 Jombang', 'JAWA TIMUR', 'JOMBANG', 'JOMBANG', NULL, '2026-01-22 02:45:38', '2026-01-22 02:45:38'),
(641, '121235170043', '20582343', 'MTSS DARUSSALAM', 'Madrasah Tsanawiyah', 'swasta', 'Jl. Kapten Tendean No X Ngesong Sengon', 'JAWA TIMUR', 'JOMBANG', 'JOMBANG', NULL, '2026-01-22 02:45:38', '2026-01-22 02:45:38'),
(642, '121235170044', '20582344', 'MTSS MA\'ARIF 1 JOMBANG', 'Madrasah Tsanawiyah', 'swasta', 'KAUMAN UTARA GG. 1/09 JOMBANG', 'JAWA TIMUR', 'JOMBANG', 'JOMBANG', NULL, '2026-01-22 02:45:38', '2026-01-22 02:45:38'),
(643, '121235170045', '20582345', 'MTSS MA\'ARIF NU MAMBA\'UL KHOIROT', 'Madrasah Tsanawiyah', 'swasta', 'Dsn. Gempolpahit Banjardowo Jombang', 'JAWA TIMUR', 'JOMBANG', 'JOMBANG', NULL, '2026-01-22 02:45:38', '2026-01-22 02:45:38'),
(644, '121235170046', '20582346', 'MTSS MAMBAUL MAARIF', 'Madrasah Tsanawiyah', 'swasta', 'Jl. Kh. Bisri Syansuri No. 77 Denanyar', 'JAWA TIMUR', 'JOMBANG', 'JOMBANG', NULL, '2026-01-22 02:45:38', '2026-01-22 02:45:38'),
(645, '121235170048', '20582348', 'MTSS MUALLIMIN MUALLIMAT', 'Madrasah Tsanawiyah', 'swasta', 'Jl. Tanjung Rt./Rw. 001/005 Gedang Tambakrejo Jombang (Office)', 'JAWA TIMUR', 'JOMBANG', 'JOMBANG', NULL, '2026-01-22 02:45:38', '2026-01-22 02:45:38'),
(646, '121235170049', '20582350', 'MTSS SUNAN GUNUNG JATI', 'Madrasah Tsanawiyah', 'swasta', 'Jl. Djo Yudo No. 09 Kabuh', 'JAWA TIMUR', 'JOMBANG', 'KABUH', NULL, '2026-01-22 02:45:38', '2026-01-22 02:45:38'),
(647, '121235170050', '20582352', 'MTSS AL HIDAYAH', 'Madrasah Tsanawiyah', 'swasta', 'Jl. Raya Kedungbetik RT.06 RW.02', 'JAWA TIMUR', 'JOMBANG', 'KESAMBEN', NULL, '2026-01-22 02:45:38', '2026-01-22 02:45:38'),
(648, '121235170052', '20582354', 'MTSS MIFTAHUL ULUM', 'Madrasah Tsanawiyah', 'swasta', 'Dusun Dero RT.04 RW.05', 'JAWA TIMUR', 'JOMBANG', 'KESAMBEN', NULL, '2026-01-22 02:45:38', '2026-01-22 02:45:38'),
(649, '121235170053', '20582355', 'MTSS SHOLAHUDDIN', 'Madrasah Tsanawiyah', 'swasta', 'Jl. Taman Siswa No.01, Pojokrejo Kesamben Jombang', 'JAWA TIMUR', 'JOMBANG', 'KESAMBEN', NULL, '2026-01-22 02:45:38', '2026-01-22 02:45:38'),
(650, '121235170054', '20582356', 'MTSS SUNAN GUNUNG JATI', 'Madrasah Tsanawiyah', 'swasta', 'Jl Raya Katemas No.18 Katemas Kec. Kudu', 'JAWA TIMUR', 'JOMBANG', 'KUDU', NULL, '2026-01-22 02:45:38', '2026-01-22 02:45:38'),
(651, '121235170055', '20582359', 'MTSS BUSTANUL ULUM BEWEH', 'Madrasah Tsanawiyah', 'swasta', 'Dsn Beweh', 'JAWA TIMUR', 'JOMBANG', 'MEGALUH', NULL, '2026-01-22 02:45:38', '2026-01-22 02:45:38'),
(652, '121235170056', '20582360', 'MTSS MIFTAHUL ULUM', 'Madrasah Tsanawiyah', 'swasta', 'Jl. Perak 59 Balongsari', 'JAWA TIMUR', 'JOMBANG', 'MEGALUH', NULL, '2026-01-22 02:45:38', '2026-01-22 02:45:38'),
(653, '121235170057', '20582362', 'MTSS AL FALAH', 'Madrasah Tsanawiyah', 'swasta', 'Bendorangkang', 'JAWA TIMUR', 'JOMBANG', 'MOJOAGUNG', NULL, '2026-01-22 02:45:38', '2026-01-22 02:45:38'),
(654, '121235170058', '20582363', 'MTSS ASY-SYAFI\'IYAH', 'Madrasah Tsanawiyah', 'swasta', 'Jl. Pendowo No. 41 Klampisan Tejo', 'JAWA TIMUR', 'JOMBANG', 'MOJOAGUNG', NULL, '2026-01-22 02:45:38', '2026-01-22 02:45:38'),
(655, '121235170059', '20582364', 'MTSS BABUSSALAM', 'Madrasah Tsanawiyah', 'swasta', 'Jl. H. Nur Syahid No. 110 Kalibening', 'JAWA TIMUR', 'JOMBANG', 'MOJOAGUNG', NULL, '2026-01-22 02:45:38', '2026-01-22 02:45:38'),
(656, '121235170060', '20582365', 'MTSS DARUL MUAWANAH', 'Madrasah Tsanawiyah', 'swasta', 'Jl. Kapuas Rt/rw 02/02 Penanggalan Dukuhdimoro Mojoagung', 'JAWA TIMUR', 'JOMBANG', 'MOJOAGUNG', NULL, '2026-01-22 02:45:38', '2026-01-22 02:45:38'),
(657, '121235170061', '20582366', 'MTSS MAMBAUL ULUM', 'Madrasah Tsanawiyah', 'swasta', 'Jl.semangka 56', 'JAWA TIMUR', 'JOMBANG', 'MOJOAGUNG', NULL, '2026-01-22 02:45:38', '2026-01-22 02:45:38'),
(658, '121235170062', '20582367', 'MTSS TERPADU ASSULAIMANIYAH', 'Madrasah Tsanawiyah', 'swasta', 'Sayyid Sulaiman No. 200', 'JAWA TIMUR', 'JOMBANG', 'MOJOAGUNG', NULL, '2026-01-22 02:45:38', '2026-01-22 02:45:38'),
(659, '121235170063', '20582368', 'MTSS AL-AZHAR GROBOGAN', 'Madrasah Tsanawiyah', 'swasta', 'Jl. Soekarno Hatta No. 01 Desa Grobogan', 'JAWA TIMUR', 'JOMBANG', 'MOJOWARNO', NULL, '2026-01-22 02:45:38', '2026-01-22 02:45:38'),
(660, '121235170064', '20582369', 'MTSS AL-HANAFIYAH', 'Madrasah Tsanawiyah', 'swasta', 'Dsn. Wringinpitu', 'JAWA TIMUR', 'JOMBANG', 'MOJOWARNO', NULL, '2026-01-22 02:45:38', '2026-01-22 02:45:38'),
(661, '121235170065', '20582370', 'MTSS AL-HIDAYAH KETRAMPILAN', 'Madrasah Tsanawiyah', 'swasta', 'Jl. Raya Garut', 'JAWA TIMUR', 'JOMBANG', 'MOJOWARNO', NULL, '2026-01-22 02:45:38', '2026-01-22 02:45:38'),
(662, '121235170066', '20582371', 'MTSS AL-MAUNAH', 'Madrasah Tsanawiyah', 'swasta', 'Jl. Joas Gg. Masjid No.22', 'JAWA TIMUR', 'JOMBANG', 'MOJOWARNO', NULL, '2026-01-22 02:45:38', '2026-01-22 02:45:38'),
(663, '121235170067', '20582372', 'MTSS DARUL FAIZIN', 'Madrasah Tsanawiyah', 'swasta', 'JL. KH.HASAN SANUSI NO.01 CATAKGAYAM MOJOWARNO JOMBANG', 'JAWA TIMUR', 'JOMBANG', 'MOJOWARNO', NULL, '2026-01-22 02:45:38', '2026-01-22 02:45:38'),
(664, '121235170068', '20582373', 'MTSS MIFTAHUN NAJAH', 'Madrasah Tsanawiyah', 'swasta', 'Jln Sunan Drajat No.06 Bajang', 'JAWA TIMUR', 'JOMBANG', 'MOJOWARNO', NULL, '2026-01-22 02:45:38', '2026-01-22 02:45:38'),
(665, '121235170069', '20582374', 'MTSS NAJATUD DAROINI', 'Madrasah Tsanawiyah', 'swasta', 'Jl. Raya Gedangan No.60 Rt.05 Rw.02', 'JAWA TIMUR', 'JOMBANG', 'MOJOWARNO', NULL, '2026-01-22 02:45:38', '2026-01-22 02:45:38'),
(666, '121235170070', '20582375', 'MTSS RADEN RAHMAT', 'Madrasah Tsanawiyah', 'swasta', 'JL RAYA SELOREJO NO 06', 'JAWA TIMUR', 'JOMBANG', 'MOJOWARNO', NULL, '2026-01-22 02:45:38', '2026-01-22 02:45:38'),
(667, '121235170071', '20582376', 'MTSS ROUDLOTUL ULUM', 'Madrasah Tsanawiyah', 'swasta', 'Jl. Mbah Thoyyib No. 05', 'JAWA TIMUR', 'JOMBANG', 'MOJOWARNO', NULL, '2026-01-22 02:45:38', '2026-01-22 02:45:38'),
(668, '121235170072', '20582377', 'MTSS THORIQUL HUDA', 'Madrasah Tsanawiyah', 'swasta', 'Jl. Masjid Al Ikhlash', 'JAWA TIMUR', 'JOMBANG', 'MOJOWARNO', NULL, '2026-01-22 02:45:38', '2026-01-22 02:45:38'),
(669, '121235170073', '20582379', 'MTSS BAHRUL ULUM GENUKWATU', 'Madrasah Tsanawiyah', 'swasta', 'Jl Doktren Mh.02', 'JAWA TIMUR', 'JOMBANG', 'NGORO', NULL, '2026-01-22 02:45:38', '2026-01-22 02:45:38'),
(670, '121235170074', '20582380', 'MTSS DARUNNAJAH', 'Madrasah Tsanawiyah', 'swasta', 'Jl. KH. Masyhuri No 01 Ngampel', 'JAWA TIMUR', 'JOMBANG', 'NGORO', NULL, '2026-01-22 02:45:38', '2026-01-22 02:45:38'),
(671, '121235170075', '20582381', 'MTSS DARUSSALAM', 'Madrasah Tsanawiyah', 'swasta', 'JALAN SEMERU KAUMAN NGORO', 'JAWA TIMUR', 'JOMBANG', 'NGORO', NULL, '2026-01-22 02:45:38', '2026-01-22 02:45:38'),
(672, '121235170076', '20582382', 'MTSS IHSANNIAT', 'Madrasah Tsanawiyah', 'swasta', 'Jl. Ngoro Kandangan Ds. Rejoagung Kec. Ngoro Kab. Jombang', 'JAWA TIMUR', 'JOMBANG', 'NGORO', NULL, '2026-01-22 02:45:38', '2026-01-22 02:45:38'),
(673, '121235170077', '20582383', 'MTSS MIFTAHUL ULUM', 'Madrasah Tsanawiyah', 'swasta', 'Jl. Masjid Al Mujahidin No.150 Cermenan Sugihwaras Ngoro', 'JAWA TIMUR', 'JOMBANG', 'NGORO', NULL, '2026-01-22 02:45:38', '2026-01-22 02:45:38'),
(674, '121235170078', '20582384', 'MTSS SYAFIIYAH PULOREJO', 'Madrasah Tsanawiyah', 'swasta', 'Jl. Kandangan No.43 Pulorejo', 'JAWA TIMUR', 'JOMBANG', 'NGORO', NULL, '2026-01-22 02:45:38', '2026-01-22 02:45:38'),
(675, '121235170079', '20582385', 'MTSS WALI AMINAH', 'Madrasah Tsanawiyah', 'swasta', 'Jl. Kh. Ahmadi 1 Ngasem Jombok Ngoro Jombang', 'JAWA TIMUR', 'JOMBANG', 'NGORO', NULL, '2026-01-22 02:45:38', '2026-01-22 02:45:38'),
(676, '121235170080', '20582387', 'MTSS ISMAILIYAH', 'Madrasah Tsanawiyah', 'swasta', 'Jl. Soekarno No. 01', 'JAWA TIMUR', 'JOMBANG', 'NGUSIKAN', NULL, '2026-01-22 02:45:38', '2026-01-22 02:45:38'),
(677, '121235170081', '20582389', 'MTSS ABI HUROIROH', 'Madrasah Tsanawiyah', 'swasta', 'Dsn.juwet Ds.glagahan', 'JAWA TIMUR', 'JOMBANG', 'PERAK', NULL, '2026-01-22 02:45:38', '2026-01-22 02:45:38'),
(678, '121235170082', '20582390', 'MTSS BAHRUL ULUM', 'Madrasah Tsanawiyah', 'swasta', 'Jalan Raya Gadingmangu Nomor 7 Perak Jombang', 'JAWA TIMUR', 'JOMBANG', 'PERAK', NULL, '2026-01-22 02:45:38', '2026-01-22 02:45:38'),
(679, '121235170083', '20582391', 'MTSS SAYYID ABDURRAHMAN', 'Madrasah Tsanawiyah', 'swasta', 'Jln Utara Balai Desa Pagerwojo', 'JAWA TIMUR', 'JOMBANG', 'PERAK', NULL, '2026-01-22 02:45:38', '2026-01-22 02:45:38'),
(680, '121235170084', '20582392', 'MTSS UMAR ZAHID PERAK', 'Madrasah Tsanawiyah', 'swasta', 'PERAK', 'JAWA TIMUR', 'JOMBANG', 'PERAK', NULL, '2026-01-22 02:45:38', '2026-01-22 02:45:38'),
(681, '121235170085', '20582394', 'MTSS AL-HIDAYAH', 'Madrasah Tsanawiyah', 'swasta', 'DSN. BUDUG DI TUGUSUMBERJO RT 04 RW 01', 'JAWA TIMUR', 'JOMBANG', 'PETERONGAN', NULL, '2026-01-22 02:45:38', '2026-01-22 02:45:38'),
(682, '121235170086', '20582395', 'MTSS AL HIDAYAH PAGOTAN', 'Madrasah Tsanawiyah', 'swasta', 'Jl. Al Hidayah Pagotan Rt. 001 / Rw 003', 'JAWA TIMUR', 'JOMBANG', 'PETERONGAN', NULL, '2026-01-22 02:45:38', '2026-01-22 02:45:38'),
(683, '121235170087', '20582396', 'MTSS AS SALAM', 'Madrasah Tsanawiyah', 'swasta', 'Gempol Dampet, Ngrandulor, Peterongan, Jombang', 'JAWA TIMUR', 'JOMBANG', 'PETERONGAN', NULL, '2026-01-22 02:45:38', '2026-01-22 02:45:38'),
(684, '121235170088', '20582397', 'MTSS DARUL ULUM', 'Madrasah Tsanawiyah', 'swasta', 'PONDOK PESANTREN DARUL ULUM REJOSO PETERONGAN JOMBANG', 'JAWA TIMUR', 'JOMBANG', 'PETERONGAN', NULL, '2026-01-22 02:45:38', '2026-01-22 02:45:38'),
(685, '121235170089', '20582398', 'MTSS RAHMAT SAID', 'Madrasah Tsanawiyah', 'swasta', 'Desa Bongkot', 'JAWA TIMUR', 'JOMBANG', 'PETERONGAN', NULL, '2026-01-22 02:45:38', '2026-01-22 02:45:38'),
(686, '121235170090', '20582399', 'MTSS AL-HIKMAH KLITIH', 'Madrasah Tsanawiyah', 'swasta', 'Jl. Raya Klitih Plandaan', 'JAWA TIMUR', 'JOMBANG', 'PLANDAAN', NULL, '2026-01-22 02:45:38', '2026-01-22 02:45:38'),
(687, '121235170091', '20582400', 'MTSS DIPONEGORO', 'Madrasah Tsanawiyah', 'swasta', 'Jl Bangsri', 'JAWA TIMUR', 'JOMBANG', 'PLANDAAN', NULL, '2026-01-22 02:45:38', '2026-01-22 02:45:38'),
(688, '121235170092', '20582401', 'MTSS RIYADLATUL FALLAH', 'Madrasah Tsanawiyah', 'swasta', 'Klampisan-Ngemplak No. 01', 'JAWA TIMUR', 'JOMBANG', 'PLANDAAN', NULL, '2026-01-22 02:45:38', '2026-01-22 02:45:38'),
(689, '121235170093', '20582402', 'MTSS NIZHAMIYAH PLOSO', 'Madrasah Tsanawiyah', 'swasta', 'Jl. Rejoagung Timur No.11', 'JAWA TIMUR', 'JOMBANG', 'PLOSO', NULL, '2026-01-22 02:45:38', '2026-01-22 02:45:38'),
(690, '121235170094', '20582404', 'MTSS AL-FALAH', 'Madrasah Tsanawiyah', 'swasta', 'Jl. H. Sidiq No. 08', 'JAWA TIMUR', 'JOMBANG', 'SUMOBITO', NULL, '2026-01-22 02:45:38', '2026-01-22 02:45:38'),
(691, '121235170095', '20582405', 'MTSS AL MA\'ARIF', 'Madrasah Tsanawiyah', 'swasta', 'Jl Moh Nandar Brudu', 'JAWA TIMUR', 'JOMBANG', 'SUMOBITO', NULL, '2026-01-22 02:45:38', '2026-01-22 02:45:38'),
(692, '121235170096', '20582406', 'MTSS BUSTANUL ULUM', 'Madrasah Tsanawiyah', 'swasta', 'Jl. Muka Stasiun Curahmalang', 'JAWA TIMUR', 'JOMBANG', 'SUMOBITO', NULL, '2026-01-22 02:45:38', '2026-01-22 02:45:38'),
(693, '121235170097', '20582407', 'MTSS YPI AL HIDAYAH', 'Madrasah Tsanawiyah', 'swasta', 'Jl. Slombok No.14 Plemahan', 'JAWA TIMUR', 'JOMBANG', 'SUMOBITO', NULL, '2026-01-22 02:45:38', '2026-01-22 02:45:38'),
(694, '121235170098', '20582408', 'MTSS YPM 5 GEDANGAN', 'Madrasah Tsanawiyah', 'swasta', 'Jl Taman Firdaus No 6 Gedangan', 'JAWA TIMUR', 'JOMBANG', 'SUMOBITO', NULL, '2026-01-22 02:45:38', '2026-01-22 02:45:38'),
(695, '121235170099', '20582410', 'MTSS AL-IHSAN KALIKEJAMBON', 'Madrasah Tsanawiyah', 'swasta', 'Jl. Anggrek No. 22 Kalijaring', 'JAWA TIMUR', 'JOMBANG', 'TEMBELANG', NULL, '2026-01-22 02:45:38', '2026-01-22 02:45:38'),
(696, '121235170100', '20582411', 'MTSS AL-IMAN', 'Madrasah Tsanawiyah', 'swasta', 'Jl. Walet', 'JAWA TIMUR', 'JOMBANG', 'TEMBELANG', NULL, '2026-01-22 02:45:38', '2026-01-22 02:45:38'),
(697, '121235170101', '20582412', 'MTSS AR-ROSYIDIN', 'Madrasah Tsanawiyah', 'swasta', 'Jl. Delima 87 Pulogedang Tembelang Jombang', 'JAWA TIMUR', 'JOMBANG', 'TEMBELANG', NULL, '2026-01-22 02:45:38', '2026-01-22 02:45:38'),
(698, '121235170102', '20582413', 'MTSS DARUL ULUM KEPUHDOKO', 'Madrasah Tsanawiyah', 'swasta', 'Pp.darul Ulum Kepuhdoko Tembelang Jombang', 'JAWA TIMUR', 'JOMBANG', 'TEMBELANG', NULL, '2026-01-22 02:45:38', '2026-01-22 02:45:38'),
(699, '121235170103', '20582414', 'MTSS MUHAMMADIYAH 01', 'Madrasah Tsanawiyah', 'swasta', 'Jl. Melati No. 11 B', 'JAWA TIMUR', 'JOMBANG', 'TEMBELANG', NULL, '2026-01-22 02:45:38', '2026-01-22 02:45:38'),
(700, '121235170104', '20582416', 'MTSS ANJASMORO', 'Madrasah Tsanawiyah', 'swasta', 'Jl. Padepokan Tegopati No.20', 'JAWA TIMUR', 'JOMBANG', 'WONOSALAM', NULL, '2026-01-22 02:45:38', '2026-01-22 02:45:38'),
(701, '121235170105', '20582338', 'MTSS SA MINHAJUL ABIDIN', 'Madrasah Tsanawiyah', 'swasta', 'Jl. Makam Mbah Sayyid Ismail Desa Janti', 'JAWA TIMUR', 'JOMBANG', 'JOGOROTO', NULL, '2026-01-22 02:45:38', '2026-01-22 02:45:38'),
(702, '121235170106', '20582321', 'MTSS AL HIKAM', 'Madrasah Tsanawiyah', 'swasta', 'Jl.Masjid 12', 'JAWA TIMUR', 'JOMBANG', 'DIWEK', NULL, '2026-01-22 02:45:38', '2026-01-22 02:45:38'),
(703, '121235170107', '20577841', 'MTSS AL-WASHOYA', 'Madrasah Tsanawiyah', 'swasta', 'Jl. Raya Kertorejo RT.008 RW.004', 'JAWA TIMUR', 'JOMBANG', 'NGORO', NULL, '2026-01-22 02:45:38', '2026-01-22 02:45:38'),
(704, '121235170109', '20579291', 'MTSS FATTAH HASYIM BAHRUL ULUM', 'Madrasah Tsanawiyah', 'swasta', 'Jl. Kh. Wahab Hasbulloh Gg. II No.120 A Tambakberas Jombang', 'JAWA TIMUR', 'JOMBANG', 'JOMBANG', NULL, '2026-01-22 02:45:38', '2026-01-22 02:45:38'),
(705, '121235170110', '60728612', 'MTSS AL-AHSAN', 'Madrasah Tsanawiyah', 'swasta', 'Jl Anjasmoro Karangan', 'JAWA TIMUR', 'JOMBANG', 'BARENG', NULL, '2026-01-22 02:45:38', '2026-01-22 02:45:38'),
(706, '121235170111', '69816295', 'MTSS AL ANWAR', 'Madrasah Tsanawiyah', 'swasta', 'Jl. Raya Cangkringrandu', 'JAWA TIMUR', 'JOMBANG', 'PERAK', NULL, '2026-01-22 02:45:38', '2026-01-22 02:45:38'),
(707, '121235170112', '69816296', 'MTSS AL QURAN LA RAIBA HANIFIDA', 'Madrasah Tsanawiyah', 'swasta', 'Sugihwaras RT/RW 05/04 Bandung Diwek Jombang Jawa Timur 61471', 'JAWA TIMUR', 'JOMBANG', 'DIWEK', NULL, '2026-01-22 02:45:38', '2026-01-22 02:45:38'),
(708, '121235170113', '69881683', 'MTSS AL-AZHAR', 'Madrasah Tsanawiyah', 'swasta', 'Dsn. Tembelang', 'JAWA TIMUR', 'JOMBANG', 'PETERONGAN', NULL, '2026-01-22 02:45:38', '2026-01-22 02:45:38'),
(709, '121235170114', '69895170', 'MTSS YAA ROUUF', 'Madrasah Tsanawiyah', 'swasta', 'Jl. Kimia Farma Ds. Jombok, Kec. Kesamben', 'JAWA TIMUR', 'JOMBANG', 'KESAMBEN', NULL, '2026-01-22 02:45:38', '2026-01-22 02:45:38'),
(710, '121235170115', '69895169', 'MTSS MUJAHIDIN', 'Madrasah Tsanawiyah', 'swasta', 'Dsn. Babatan', 'JAWA TIMUR', 'JOMBANG', 'DIWEK', NULL, '2026-01-22 02:45:38', '2026-01-22 02:45:38'),
(711, '121235170116', '69977777', 'MTSS NURUL QUR\'AN', 'Madrasah Tsanawiyah', 'swasta', 'JALAN ANGGREK NOMOR 02 BAKALAN', 'JAWA TIMUR', 'JOMBANG', 'PLOSO', NULL, '2026-01-22 02:45:38', '2026-01-22 02:45:38'),
(712, '121235170117', '69977778', 'MTSS JANNATURROICHAN', 'Madrasah Tsanawiyah', 'swasta', 'Jalan Kol. H. Ismail Dsn Gempoldampet', 'JAWA TIMUR', 'JOMBANG', 'PETERONGAN', NULL, '2026-01-22 02:45:38', '2026-01-22 02:45:38'),
(713, '121235170118', '69993780', 'MTSS ILMU AL-QUR\'AN', 'Madrasah Tsanawiyah', 'swasta', 'Jl. Anggrek Dsn. Ngledok', 'JAWA TIMUR', 'JOMBANG', 'TEMBELANG', NULL, '2026-01-22 02:45:38', '2026-01-22 02:45:38'),
(714, '121235170119', '69993400', 'MTSS BAITURROHIM BLIMBING', 'Madrasah Tsanawiyah', 'swasta', 'JLN. MASJID BAITURROHMAN BLIMBING', 'JAWA TIMUR', 'JOMBANG', 'GUDO', NULL, '2026-01-22 02:45:38', '2026-01-22 02:45:38'),
(715, '121235170120', '70006283', 'MTSS AL-FALAH', 'Madrasah Tsanawiyah', 'swasta', 'Jl. Tugu Pahlawan', 'JAWA TIMUR', 'JOMBANG', 'KESAMBEN', NULL, '2026-01-22 02:45:38', '2026-01-22 02:45:38'),
(716, '121235170121', '70012576', 'MTSS SAINS PUTRI TEBUIRENG', 'Madrasah Tsanawiyah', 'swasta', 'JL Sumobito-Kesamben', 'JAWA TIMUR', 'JOMBANG', 'KESAMBEN', NULL, '2026-01-22 02:45:38', '2026-01-22 02:45:38'),
(717, '121235170122', '70006279', 'MTSS AL HUDA', 'Madrasah Tsanawiyah', 'swasta', 'Jl MEDAN BHAKTI RT 001 RW 002', 'JAWA TIMUR', 'JOMBANG', 'SUMOBITO', NULL, '2026-01-22 02:45:38', '2026-01-22 02:45:38'),
(718, '121235170123', '70034824', 'MTs AT TAQWA HAHUNA', 'Madrasah Tsanawiyah', 'swasta', 'Jln. Mawar Putih RT03/RW03, Dusun Bulu', 'JAWA TIMUR', 'JOMBANG', 'SUMOBITO', NULL, '2026-01-22 02:45:38', '2026-01-22 02:45:38'),
(719, '121235170124', '70036081', 'MTs TARBIYATUT THOLABAH', 'Madrasah Tsanawiyah', 'swasta', 'Jalan Masjid Irsyadul Ibad RT006/RW002', 'JAWA TIMUR', 'JOMBANG', 'GUDO', NULL, '2026-01-22 02:45:38', '2026-01-22 02:45:38'),
(720, '121235170125', '70034445', 'MTs MU\'ALLIMIN ALHUDA', 'Madrasah Tsanawiyah', 'swasta', 'Dsn Bogem Rt.003-Rw.009', 'JAWA TIMUR', 'JOMBANG', 'DIWEK', NULL, '2026-01-22 02:45:38', '2026-01-22 02:45:38'),
(721, '121235170126', '70034528', 'MTs PLUS DARUL FALAH', 'Madrasah Tsanawiyah', 'swasta', 'Jl Yos Sudarso No 6', 'JAWA TIMUR', 'JOMBANG', 'MOJOAGUNG', NULL, '2026-01-22 02:45:38', '2026-01-22 02:45:38'),
(722, '131135170001', '20579964', 'MAN 1 JOMBANG', 'Madrasah Aliyah', 'negeri', 'JL. DR. WAHIDIN SUDIRO HUSODO. NO.2', 'JAWA TIMUR', 'JOMBANG', 'JOMBANG', NULL, '2026-01-22 02:45:38', '2026-01-22 02:45:38'),
(723, '131135170002', '20579986', 'MAN 2 JOMBANG', 'Madrasah Aliyah', 'negeri', 'JL. REJOSO NO. 1 PETERONGAN', 'JAWA TIMUR', 'JOMBANG', 'PETERONGAN', NULL, '2026-01-22 02:45:38', '2026-01-22 02:45:38'),
(724, '131135170003', '20579993', 'MAN 3 JOMBANG', 'Madrasah Aliyah', 'negeri', 'Jl. Merpati Tambakberas', 'JAWA TIMUR', 'JOMBANG', 'JOMBANG', NULL, '2026-01-22 02:45:38', '2026-01-22 02:45:38'),
(725, '131135170004', '20579956', 'MAN 4 JOMBANG', 'Madrasah Aliyah', 'negeri', 'JL. KH. BISRI SYANSURI 21 DENANYAR JOMBANG', 'JAWA TIMUR', 'JOMBANG', 'JOMBANG', NULL, '2026-01-22 02:45:38', '2026-01-22 02:45:38'),
(726, '131135170005', '20580317', 'MAN 8 JOMBANG', 'Madrasah Aliyah', 'negeri', 'JL. H. Ismail No. 25 Parimono', 'JAWA TIMUR', 'JOMBANG', 'JOMBANG', NULL, '2026-01-22 02:45:38', '2026-01-22 02:45:38'),
(727, '131135170006', '20579973', 'MAN 9 JOMBANG', 'Madrasah Aliyah', 'negeri', 'PP. DARUL ULUM KEPUHDOKO', 'JAWA TIMUR', 'JOMBANG', 'TEMBELANG', NULL, '2026-01-22 02:45:38', '2026-01-22 02:45:38'),
(728, '131135170007', '20580318', 'MAN 10 JOMBANG', 'Madrasah Aliyah', 'negeri', 'Jl. Raya Utama No. 57 Banjarsari', 'JAWA TIMUR', 'JOMBANG', 'BANDARKEDUNGMULYO', NULL, '2026-01-22 02:45:38', '2026-01-22 02:45:38');
INSERT INTO `madrasah` (`id`, `nsm`, `npsn`, `nama_madrasah`, `jenjang`, `status`, `alamat`, `provinsi`, `kabupaten`, `kecamatan`, `kepala_madrasah`, `created_at`, `updated_at`) VALUES
(729, '131135170008', '20579965', 'MAN 7 JOMBANG', 'Madrasah Aliyah', 'negeri', 'Jl. Raya Keboan No. 25 Keboan Ngusikan Jombang', 'JAWA TIMUR', 'JOMBANG', 'NGUSIKAN', NULL, '2026-01-22 02:45:38', '2026-01-22 02:45:38'),
(730, '131135170009', '20579966', 'MAN 6 JOMBANG', 'Madrasah Aliyah', 'negeri', 'Jl. Semangka', 'JAWA TIMUR', 'JOMBANG', 'MOJOAGUNG', NULL, '2026-01-22 02:45:38', '2026-01-22 02:45:38'),
(731, '131135170010', '20579958', 'MAN 5 JOMBANG', 'Madrasah Aliyah', 'negeri', 'Jl. Pesantren No. 03', 'JAWA TIMUR', 'JOMBANG', 'NGORO', NULL, '2026-01-22 02:45:38', '2026-01-22 02:45:38'),
(732, '131235170001', '20579990', 'MAS SAYYID ABDURRAHMAN', 'Madrasah Aliyah', 'swasta', 'Jl. Utara Balai Desa Pagerwojo', 'JAWA TIMUR', 'JOMBANG', 'PERAK', NULL, '2026-01-22 02:45:38', '2026-01-22 02:45:38'),
(733, '131235170002', '20579997', 'MAS UMAR ZAHID PERAK', 'Madrasah Aliyah', 'swasta', 'JL. EMBONG MIRING NO. 82 PERAK', 'JAWA TIMUR', 'JOMBANG', 'PERAK', NULL, '2026-01-22 02:45:38', '2026-01-22 02:45:38'),
(734, '131235170003', '20580336', 'MAS BAHRUL ULUM', 'Madrasah Aliyah', 'swasta', 'Jln. Raya Gadingmangu No. 7 Perak Jombang', 'JAWA TIMUR', 'JOMBANG', 'PERAK', NULL, '2026-01-22 02:45:38', '2026-01-22 02:45:38'),
(735, '131235170004', '20579950', 'MAS DARUL HIKMAH DIWEK', 'Madrasah Aliyah', 'swasta', 'Jl. Raya Gg Masjid Besar Diwek No.63', 'JAWA TIMUR', 'JOMBANG', 'DIWEK', NULL, '2026-01-22 02:45:38', '2026-01-22 02:45:38'),
(736, '131235170005', '20579983', 'MAS PERGURUAN MU\'ALLIMAT', 'Madrasah Aliyah', 'swasta', 'Jl. Kediri No. 2-3', 'JAWA TIMUR', 'JOMBANG', 'DIWEK', NULL, '2026-01-22 02:45:38', '2026-01-22 02:45:38'),
(737, '131235170006', '20579988', 'MAS SALAFIYAH SYAFI\'IYAH', 'Madrasah Aliyah', 'swasta', 'Jl. Irian Jaya No. 10 Tebuireng Jombang', 'JAWA TIMUR', 'JOMBANG', 'DIWEK', NULL, '2026-01-22 02:45:38', '2026-01-22 02:45:38'),
(738, '131235170007', '20579989', 'MAS SALAFIYAH SYAFI\'IYAH SEBLAK', 'Madrasah Aliyah', 'swasta', 'Jln. PP. Seblak No.150 Kwaron Diwek Jombang', 'JAWA TIMUR', 'JOMBANG', 'DIWEK', NULL, '2026-01-22 02:45:38', '2026-01-22 02:45:38'),
(739, '131235170008', '20580323', 'MAS AL URWATUL WUTSQO', 'Madrasah Aliyah', 'swasta', 'Jalan Kh. M. Yaqub Husein Desa Bulurejo', 'JAWA TIMUR', 'JOMBANG', 'DIWEK', NULL, '2026-01-22 02:45:38', '2026-01-22 02:45:38'),
(740, '131235170009', '20580324', 'MAS AL-ANWAR', 'Madrasah Aliyah', 'swasta', 'Jln.KH. Manshoer Paculgowang Jatirejo Diwek Jombang', 'JAWA TIMUR', 'JOMBANG', 'DIWEK', NULL, '2026-01-22 02:45:38', '2026-01-22 02:45:38'),
(741, '131235170010', '20579975', 'MAS MIFTAHUL HUDA', 'Madrasah Aliyah', 'swasta', 'Jl. Raya Cukir Mojowarno No.03', 'JAWA TIMUR', 'JOMBANG', 'DIWEK', NULL, '2026-01-22 02:45:38', '2026-01-22 02:45:38'),
(742, '131235170011', '20579969', 'MAS MADRASATUL QUR AN', 'Madrasah Aliyah', 'swasta', 'Jl. Irian Jaya 47 Po Box 18 Tebuireng', 'JAWA TIMUR', 'JOMBANG', 'DIWEK', NULL, '2026-01-22 02:45:38', '2026-01-22 02:45:38'),
(743, '131235170012', '20579981', 'MAS NURUL JADID', 'Madrasah Aliyah', 'swasta', 'Jl. Tumenggung Hadikusuma No.07 Bandung Diwek Jombang', 'JAWA TIMUR', 'JOMBANG', 'DIWEK', NULL, '2026-01-22 02:45:38', '2026-01-22 02:45:38'),
(744, '131235170014', '20580320', 'MAS AL ASY ARI', 'Madrasah Aliyah', 'swasta', 'Jl. Kh Asyari No 13', 'JAWA TIMUR', 'JOMBANG', 'DIWEK', NULL, '2026-01-22 02:45:38', '2026-01-22 02:45:38'),
(745, '131235170015', '20580334', 'MAS AT-TAUFIQ', 'Madrasah Aliyah', 'swasta', 'Jl. Kh Shobari No.48 B Bogem Grogol Diwek Jombang', 'JAWA TIMUR', 'JOMBANG', 'DIWEK', NULL, '2026-01-22 02:45:38', '2026-01-22 02:45:38'),
(746, '131235170016', '20579949', 'MAS DARUL HIKMAH BANDUNGSARI', 'Madrasah Aliyah', 'swasta', 'Jl. H. Umar No. 17 Bandungsari', 'JAWA TIMUR', 'JOMBANG', 'DIWEK', NULL, '2026-01-22 02:45:38', '2026-01-22 02:45:38'),
(747, '131235170017', '20579948', 'MAS DARUL FALAH', 'Madrasah Aliyah', 'swasta', 'Jl.timur Pasar Cukir', 'JAWA TIMUR', 'JOMBANG', 'DIWEK', NULL, '2026-01-22 02:45:38', '2026-01-22 02:45:38'),
(748, '131235170018', '20580330', 'MAS AR-RAHMAN SUMOYONO', 'Madrasah Aliyah', 'swasta', 'Jl. Mojowarno Sumoyono Gg. 1', 'JAWA TIMUR', 'JOMBANG', 'DIWEK', NULL, '2026-01-22 02:45:38', '2026-01-22 02:45:38'),
(749, '131235170019', '20579955', 'MAS DARUSSALAM NGORO', 'Madrasah Aliyah', 'swasta', 'Jl. Semeru No. 02 Kauman Ngoro Jombang', 'JAWA TIMUR', 'JOMBANG', 'NGORO', NULL, '2026-01-22 02:45:38', '2026-01-22 02:45:38'),
(750, '131235170020', '20579977', 'MAS MIFTAHUL ULUM CERMENAN', 'Madrasah Aliyah', 'swasta', 'JL. MASJID NO.150 CERMENAN', 'JAWA TIMUR', 'JOMBANG', 'NGORO', NULL, '2026-01-22 02:45:38', '2026-01-22 02:45:38'),
(751, '131235170021', '20579962', 'MAS IHSANNIAT', 'Madrasah Aliyah', 'swasta', 'Jl. Ngoro - Kandangan Km. 3 Rejoagung Ngoro Jombang', 'JAWA TIMUR', 'JOMBANG', 'NGORO', NULL, '2026-01-22 02:45:38', '2026-01-22 02:45:38'),
(752, '131235170022', '20579992', 'MAS SYAFI IYAH TERPADU', 'Madrasah Aliyah', 'swasta', 'Jln. Masjid Katerban Pulorejo Ngoro Jombang', 'JAWA TIMUR', 'JOMBANG', 'NGORO', NULL, '2026-01-22 02:45:38', '2026-01-22 02:45:38'),
(753, '131235170024', '20579999', 'MAS WALI AMINAH', 'Madrasah Aliyah', 'swasta', 'Jl.kh.ahmadi No.1 Ngasem Jombok Ngoro Jombang', 'JAWA TIMUR', 'JOMBANG', 'NGORO', NULL, '2026-01-22 02:45:38', '2026-01-22 02:45:38'),
(754, '131235170025', '20579947', 'MAS DARUL FAIZIN', 'Madrasah Aliyah', 'swasta', 'Jl. KH. Hasan Sanusi No. 12 Catakgayam', 'JAWA TIMUR', 'JOMBANG', 'MOJOWARNO', NULL, '2026-01-22 02:45:38', '2026-01-22 02:45:38'),
(755, '131235170026', '20579984', 'MAS RADEN RAHMAT', 'Madrasah Aliyah', 'swasta', 'Jl. Raya Selorejo No.06 Selorejo', 'JAWA TIMUR', 'JOMBANG', 'MOJOWARNO', NULL, '2026-01-22 02:45:38', '2026-01-22 02:45:38'),
(756, '131235170027', '20579987', 'MAS ROUDLOTUL ULUM', 'Madrasah Aliyah', 'swasta', 'JL MBAH THOYIB NO. 05', 'JAWA TIMUR', 'JOMBANG', 'MOJOWARNO', NULL, '2026-01-22 02:45:38', '2026-01-22 02:45:38'),
(757, '131235170028', '20579978', 'MAS MIFTAHUN NAJAH', 'Madrasah Aliyah', 'swasta', 'Jl. Sunan Drajad No. 6 Bajang', 'JAWA TIMUR', 'JOMBANG', 'MOJOWARNO', NULL, '2026-01-22 02:45:38', '2026-01-22 02:45:38'),
(758, '131235170029', '20579991', 'MAS SUNAN BONANG', 'Madrasah Aliyah', 'swasta', 'Joas Gang. Masjid. No.22', 'JAWA TIMUR', 'JOMBANG', 'MOJOWARNO', NULL, '2026-01-22 02:45:38', '2026-01-22 02:45:38'),
(759, '131235170030', '20579957', 'MAS FASER', 'Madrasah Aliyah', 'swasta', 'Panglungan Wonosalam Jombang', 'JAWA TIMUR', 'JOMBANG', 'WONOSALAM', NULL, '2026-01-22 02:45:38', '2026-01-22 02:45:38'),
(760, '131235170031', '20580329', 'MAS ANJASMORO', 'Madrasah Aliyah', 'swasta', 'Jl. Padepokan Tegopati No. 020 Anjasmoro', 'JAWA TIMUR', 'JOMBANG', 'WONOSALAM', NULL, '2026-01-22 02:45:38', '2026-01-22 02:45:38'),
(761, '131235170032', '20580332', 'MAS ASSULAIMANIYAH', 'Madrasah Aliyah', 'swasta', 'JLN. A. YANI NO. 53 MOJOLEGI', 'JAWA TIMUR', 'JOMBANG', 'MOJOAGUNG', NULL, '2026-01-22 02:45:38', '2026-01-22 02:45:38'),
(762, '131235170033', '20580335', 'MAS BABUSSALAM', 'Madrasah Aliyah', 'swasta', 'JL. H. NUR SYAHID NO. 110 KALIBENING', 'JAWA TIMUR', 'JOMBANG', 'MOJOAGUNG', NULL, '2026-01-22 02:45:38', '2026-01-22 02:45:38'),
(763, '131235170034', '20579996', 'MAS TPI', 'Madrasah Aliyah', 'swasta', 'Jl. Kebonsari No. 42 Mojoagung', 'JAWA TIMUR', 'JOMBANG', 'MOJOAGUNG', NULL, '2026-01-22 02:45:38', '2026-01-22 02:45:38'),
(764, '131235170035', '20579951', 'MAS DARUL MUAWANAH', 'Madrasah Aliyah', 'swasta', 'Jl. Kapuas No. 150 Penanggalan Dukuhdimoro Mojoagung Jombang', 'JAWA TIMUR', 'JOMBANG', 'MOJOAGUNG', NULL, '2026-01-22 02:45:38', '2026-01-22 02:45:38'),
(765, '131235170036', '20580338', 'MAS BALONGREJO', 'Madrasah Aliyah', 'swasta', 'Jl. Kh.arief Syahid, 176 Balongrejo', 'JAWA TIMUR', 'JOMBANG', 'SUMOBITO', NULL, '2026-01-22 02:45:38', '2026-01-22 02:45:38'),
(766, '131235170037', '20579952', 'MAS DARUL ULUM', 'Madrasah Aliyah', 'swasta', 'Jl. H. Cholil No 23 Sumberpenganten', 'JAWA TIMUR', 'JOMBANG', 'JOGOROTO', NULL, '2026-01-22 02:45:38', '2026-01-22 02:45:38'),
(767, '131235170038', '20579974', 'MAS MIDANUTTALIM', 'Madrasah Aliyah', 'swasta', 'MAYANGAN', 'JAWA TIMUR', 'JOMBANG', 'JOGOROTO', NULL, '2026-01-22 02:45:38', '2026-01-22 02:45:38'),
(768, '131235170039', '20579971', 'MAS MAMBAUL ULUM COROGO', 'Madrasah Aliyah', 'swasta', 'Jl. Masjid Sholihin Corogo', 'JAWA TIMUR', 'JOMBANG', 'JOGOROTO', NULL, '2026-01-22 02:45:38', '2026-01-22 02:45:38'),
(769, '131235170040', '20579959', 'MAS GHOZALIYAH', 'Madrasah Aliyah', 'swasta', 'Sidowaras', 'JAWA TIMUR', 'JOMBANG', 'JOGOROTO', NULL, '2026-01-22 02:45:38', '2026-01-22 02:45:38'),
(770, '131235170041', '20580322', 'MAS AL MUHAJIRIN', 'Madrasah Aliyah', 'swasta', 'Jl. Eyang Lindri RT04 RW02', 'JAWA TIMUR', 'JOMBANG', 'JOGOROTO', NULL, '2026-01-22 02:45:38', '2026-01-22 02:45:38'),
(771, '131235170042', '20579982', 'MAS NURUL QUR AN', 'Madrasah Aliyah', 'swasta', 'Bendungrejo', 'JAWA TIMUR', 'JOMBANG', 'JOGOROTO', NULL, '2026-01-22 02:45:38', '2026-01-22 02:45:38'),
(772, '131235170043', '20579953', 'MAS UNGGULAN DARUL ULUM REJOSO', 'Madrasah Aliyah', 'swasta', 'Pondok Pesantren Darul Ulum Rejoso', 'JAWA TIMUR', 'JOMBANG', 'PETERONGAN', NULL, '2026-01-22 02:45:38', '2026-01-22 02:45:38'),
(773, '131235170044', '20579985', 'MAS RAHMAT SA\'ID', 'Madrasah Aliyah', 'swasta', 'Jl. Rahmat Said', 'JAWA TIMUR', 'JOMBANG', 'PETERONGAN', NULL, '2026-01-22 02:45:38', '2026-01-22 02:45:38'),
(774, '131235170045', '20580331', 'MAS AS SALAM', 'Madrasah Aliyah', 'swasta', 'GEMPOLDAMPET', 'JAWA TIMUR', 'JOMBANG', 'PETERONGAN', NULL, '2026-01-22 02:45:38', '2026-01-22 02:45:38'),
(775, '131235170046', '20579976', 'MAS MIFTAHUL ULUM', 'Madrasah Aliyah', 'swasta', 'Jl. Soekarno Hatta No. 15', 'JAWA TIMUR', 'JOMBANG', 'PETERONGAN', NULL, '2026-01-22 02:45:38', '2026-01-22 02:45:38'),
(776, '131235170047', '20579979', 'MAS MUALLIMIN MUALLIMAT', 'Madrasah Aliyah', 'swasta', 'Jl KH Wahab Chasbulloh, Tambakberas Gang PPBU No. 28 Tambakrejo', 'JAWA TIMUR', 'JOMBANG', 'JOMBANG', NULL, '2026-01-22 02:45:38', '2026-01-22 02:45:38'),
(777, '131235170048', '20580337', 'MAS BAHRUL ULUM TAMBAKBERAS', 'Madrasah Aliyah', 'swasta', 'Jl Kh Wahab Hasbulloh No. 192 Dsn Tambakberas Ds Tambakrejo Kec.  Jombang', 'JAWA TIMUR', 'JOMBANG', 'JOMBANG', NULL, '2026-01-22 02:45:38', '2026-01-22 02:45:38'),
(778, '131235170049', '20579967', 'MAS MA\'ARIF 1 JOMBANG', 'Madrasah Aliyah', 'swasta', 'Kauman Utara Gg. 1/09 Jombang', 'JAWA TIMUR', 'JOMBANG', 'JOMBANG', NULL, '2026-01-22 02:45:38', '2026-01-22 02:45:38'),
(779, '131235170050', '20579998', 'MAS UNGGULAN KH ABD WAHAB HASBULLOH', 'Madrasah Aliyah', 'swasta', 'Jl. Tanjung Dsn. Gedang', 'JAWA TIMUR', 'JOMBANG', 'JOMBANG', NULL, '2026-01-22 02:45:38', '2026-01-22 02:45:38'),
(780, '131235170051', '20579961', 'MAS IDADIYYAH', 'Madrasah Aliyah', 'swasta', 'Jl. Merpati No. 09 Tambakberas', 'JAWA TIMUR', 'JOMBANG', 'JOMBANG', NULL, '2026-01-22 02:45:38', '2026-01-22 02:45:38'),
(781, '131235170052', '20580326', 'MAS AL-BAIRUNY', 'Madrasah Aliyah', 'swasta', 'Jl. KH. Mimbar 118 - 120', 'JAWA TIMUR', 'JOMBANG', 'JOMBANG', NULL, '2026-01-22 02:45:38', '2026-01-22 02:45:38'),
(782, '131235170053', '20579954', 'MAS DARUSSALAM', 'Madrasah Aliyah', 'swasta', 'Jl. Kapten Tendean No X Ngesong Sengon', 'JAWA TIMUR', 'JOMBANG', 'JOMBANG', NULL, '2026-01-22 02:45:38', '2026-01-22 02:45:38'),
(783, '131235170054', '20579970', 'MAS MAMBA\'UL MA\'ARIF', 'Madrasah Aliyah', 'swasta', 'Jl. Kh. Bisri Syansuri No.77', 'JAWA TIMUR', 'JOMBANG', 'JOMBANG', NULL, '2026-01-22 02:45:38', '2026-01-22 02:45:38'),
(784, '131235170055', '20580325', 'MAS AL-AZHAR', 'Madrasah Aliyah', 'swasta', 'LAKSDA ADI SUCIPTO VII/1', 'JAWA TIMUR', 'JOMBANG', 'JOMBANG', NULL, '2026-01-22 02:45:38', '2026-01-22 02:45:38'),
(785, '131235170056', '20579995', 'MAS TERPADU SUNAN AMPEL', 'Madrasah Aliyah', 'swasta', 'Jl. Jaksa Agung Surapto No. 14', 'JAWA TIMUR', 'JOMBANG', 'JOMBANG', NULL, '2026-01-22 02:45:38', '2026-01-22 02:45:38'),
(786, '131235170057', '20579972', 'MAS MAMBAUL ULUM MEGALUH', 'Madrasah Aliyah', 'swasta', 'Jl. Kh.moh Irsyad No. 12 Megaluh Jombang', 'JAWA TIMUR', 'JOMBANG', 'MEGALUH', NULL, '2026-01-22 02:45:38', '2026-01-22 02:45:38'),
(787, '131235170058', '20580333', 'MAS ATH-THOHIRIYAH', 'Madrasah Aliyah', 'swasta', 'Jl. Raya Perak No. 58 Balongsari', 'JAWA TIMUR', 'JOMBANG', 'MEGALUH', NULL, '2026-01-22 02:45:38', '2026-01-22 02:45:38'),
(788, '131235170059', '20580327', 'MAS AL-IHSAN KALIKEJAMBON', 'Madrasah Aliyah', 'swasta', 'Jl. Anggrek No. 22 Kalijaring Kalikejambon', 'JAWA TIMUR', 'JOMBANG', 'TEMBELANG', NULL, '2026-01-22 02:45:38', '2026-01-22 02:45:38'),
(789, '131235170060', '20580319', 'MAS AL-HIDAYAH', 'Madrasah Aliyah', 'swasta', 'Jl. Raya Kedungbetik RT/RW 006/002', 'JAWA TIMUR', 'JOMBANG', 'KESAMBEN', NULL, '2026-01-22 02:45:38', '2026-01-22 02:45:38'),
(790, '131235170061', '20579980', 'MAS NIZHAMIYAH PLOSO', 'Madrasah Aliyah', 'swasta', 'Jl. Darmo Sugondo No. 75', 'JAWA TIMUR', 'JOMBANG', 'PLOSO', NULL, '2026-01-22 02:45:38', '2026-01-22 02:45:38'),
(791, '131235170062', '20580328', 'MAS AL-MA\'ARIF', 'Madrasah Aliyah', 'swasta', 'Jl. Raya Klitih', 'JAWA TIMUR', 'JOMBANG', 'PLANDAAN', NULL, '2026-01-22 02:45:38', '2026-01-22 02:45:38'),
(792, '131235170063', '20579963', 'MAS ISMAILIYAH', 'Madrasah Aliyah', 'swasta', 'Jl. Soekarno No. 01', 'JAWA TIMUR', 'JOMBANG', 'NGUSIKAN', NULL, '2026-01-22 02:45:38', '2026-01-22 02:45:38'),
(793, '131235170064', '20579946', 'MAS DARUL \'ULUM BARENG', 'Madrasah Aliyah', 'swasta', 'Jl. Achmad Yani Bareng', 'JAWA TIMUR', 'JOMBANG', 'BARENG', NULL, '2026-01-22 02:45:38', '2026-01-22 02:45:38'),
(794, '131235170065', '20579994', 'MAS TERPADU AL MUNAWAROH', 'Madrasah Aliyah', 'swasta', 'NGUDIREJO', 'JAWA TIMUR', 'JOMBANG', 'DIWEK', NULL, '2026-01-22 02:45:38', '2026-01-22 02:45:38'),
(795, '131235170066', '20579960', 'MAS HASYIM ASY\'ARI', 'Madrasah Aliyah', 'swasta', 'Jl. Raya Jogoroto No. 99 Jogoroto', 'JAWA TIMUR', 'JOMBANG', 'JOGOROTO', NULL, '2026-01-22 02:45:38', '2026-01-22 02:45:38'),
(796, '131235170067', '20580321', 'MAS AL HIKAM', 'Madrasah Aliyah', 'swasta', 'Jl.Masjid 12 RT.001 RW.001 JATIREJO', 'JAWA TIMUR', 'JOMBANG', 'DIWEK', NULL, '2026-01-22 02:45:38', '2026-01-22 02:45:38'),
(797, '131235170068', '69799894', 'MAS ALFALAH', 'Madrasah Aliyah', 'swasta', 'Jl. Raya Tugu Pahlawan No. 74', 'JAWA TIMUR', 'JOMBANG', 'KESAMBEN', NULL, '2026-01-22 02:45:38', '2026-01-22 02:45:38'),
(798, '131235170069', '60728638', 'MAS AL QURAN LA RAIBA HANIFIDA', 'Madrasah Aliyah', 'swasta', 'Dsn. Sugihwaras', 'JAWA TIMUR', 'JOMBANG', 'DIWEK', NULL, '2026-01-22 02:45:38', '2026-01-22 02:45:38'),
(799, '131235170070', '69883452', 'MAS FATTAH HASYIM BAHRUL ULUM', 'Madrasah Aliyah', 'swasta', 'JL. KH. Abdul Wahab Hasbulloh No.120 A', 'JAWA TIMUR', 'JOMBANG', 'JOMBANG', NULL, '2026-01-22 02:45:38', '2026-01-22 02:45:38'),
(800, '131235170071', '69881478', 'MAS AL-WASHOYA', 'Madrasah Aliyah', 'swasta', 'Jl. Kertorejo', 'JAWA TIMUR', 'JOMBANG', 'NGORO', NULL, '2026-01-22 02:45:38', '2026-01-22 02:45:38'),
(801, '131235170072', '69894881', 'MAS AL ANWAR', 'Madrasah Aliyah', 'swasta', 'Jl. Raya Cangkringrandu', 'JAWA TIMUR', 'JOMBANG', 'PERAK', NULL, '2026-01-22 02:45:38', '2026-01-22 02:45:38'),
(802, '131235170073', '69894880', 'MAS MINHAJUL ABIDIN', 'Madrasah Aliyah', 'swasta', 'Jl Mbah Sayyid Ismail Janti', 'JAWA TIMUR', 'JOMBANG', 'JOGOROTO', NULL, '2026-01-22 02:45:38', '2026-01-22 02:45:38'),
(803, '131235170074', '69941752', 'MAS TERPADU MISYKAT AL-ANWAR', 'Madrasah Aliyah', 'swasta', 'Jl. Minha No.1', 'JAWA TIMUR', 'JOMBANG', 'DIWEK', NULL, '2026-01-22 02:45:38', '2026-01-22 02:45:38'),
(804, '131235170075', '69977854', 'MAS TERPADU KALIMASADA', 'Madrasah Aliyah', 'swasta', 'Jalan Raya Bangsri', 'JAWA TIMUR', 'JOMBANG', 'PLANDAAN', NULL, '2026-01-22 02:45:38', '2026-01-22 02:45:38'),
(805, '131235170076', '69977855', 'MAS DARUL ULUM BANDUNG', 'Madrasah Aliyah', 'swasta', 'JALAN RAYA BANDUNG NO. 32 BANDUNG DIWEK JOMBANG', 'JAWA TIMUR', 'JOMBANG', 'DIWEK', NULL, '2026-01-22 02:45:38', '2026-01-22 02:45:38'),
(806, '131235170077', '69975841', 'MAS JANNATURROICHAN', 'Madrasah Aliyah', 'swasta', 'Jl. Kol. H. Ismail Gempoldampet', 'JAWA TIMUR', 'JOMBANG', 'PETERONGAN', NULL, '2026-01-22 02:45:38', '2026-01-22 02:45:38'),
(807, '131235170078', '69995386', 'MAS HASANUDDIN', 'Madrasah Aliyah', 'swasta', 'Klampisan-ngemplak no 1', 'JAWA TIMUR', 'JOMBANG', 'PLANDAAN', NULL, '2026-01-22 02:45:38', '2026-01-22 02:45:38'),
(808, '131235170079', '69993499', 'MAS AL-UMMAH', 'Madrasah Aliyah', 'swasta', 'JALAN RAYA PANDANWANGI, KECAMATAN DIWEK. DESA PANDANWANGI, KOMPLEKS MASJID AR RAYYAN JOMBANG.', 'JAWA TIMUR', 'JOMBANG', 'DIWEK', NULL, '2026-01-22 02:45:38', '2026-01-22 02:45:38'),
(809, '131235170080', '70006280', 'MAS NURUL QUR\'AN KEBONAGUNG', 'Madrasah Aliyah', 'swasta', 'Jl. Anggrek No.02 Dsn Bakalan Ds. Kebonagung', 'JAWA TIMUR', 'JOMBANG', 'PLOSO', NULL, '2026-01-22 02:45:38', '2026-01-22 02:45:38'),
(810, '131235170081', '70006281', 'MAS NUR MUHAMMAD', 'Madrasah Aliyah', 'swasta', 'DSN. WONOAYU RT. 002 RW. 002 DS. DUKUHMOJO', 'JAWA TIMUR', 'JOMBANG', 'MOJOAGUNG', NULL, '2026-01-22 02:45:38', '2026-01-22 02:45:38'),
(811, '131235170082', '70006438', 'MAS AL-CHODIDJAH', 'Madrasah Aliyah', 'swasta', 'JL. MASJID JATIREJO BARAT NO. 1 TEBUIRENG', 'JAWA TIMUR', 'JOMBANG', 'DIWEK', NULL, '2026-01-22 02:45:38', '2026-01-22 02:45:38'),
(812, '131235170083', '70012575', 'MAS AL MADINAH GLOBAL SCHOOL', 'Madrasah Aliyah', 'swasta', 'Dusun Diwek', 'JAWA TIMUR', 'JOMBANG', 'DIWEK', NULL, '2026-01-22 02:45:38', '2026-01-22 02:45:38'),
(813, '131235170084', '70026435', 'MA Abdul Hadi', 'Madrasah Aliyah', 'swasta', 'Jl. Mbecek RT/RW 12/02 Kel Ngudirejo Kec Diwek Jombang', 'JAWA TIMUR', 'JOMBANG', 'DIWEK', NULL, '2026-01-22 02:45:38', '2026-01-22 02:45:38'),
(814, '131235170085', '70027272', 'MA AL - AZHAR', 'Madrasah Aliyah', 'swasta', 'Dusun Tembelang RT. 006 RW. 004', 'JAWA TIMUR', 'JOMBANG', 'PETERONGAN', NULL, '2026-01-22 02:45:38', '2026-01-22 02:45:38'),
(815, '131235170086', '70035014', 'MA AL-MAIDAH', 'Madrasah Aliyah', 'swasta', 'CATAKGAYAM RW 07', 'JAWA TIMUR', 'JOMBANG', 'MOJOWARNO', NULL, '2026-01-22 02:45:38', '2026-01-22 02:45:38'),
(816, '131235170087', '70034853', 'MA ILMU AL-QUR\'AN', 'Madrasah Aliyah', 'swasta', 'JL. ANGGREK RT 001 RW 012', 'JAWA TIMUR', 'JOMBANG', 'TEMBELANG', NULL, '2026-01-22 02:45:38', '2026-01-22 02:45:38'),
(817, '131235170088', '70044494', 'MAS SAINS TEBUIRENG PUTRI', 'Madrasah Aliyah', 'swasta', 'NGEMBUL RT 003 RW 013', 'JAWA TIMUR', 'JOMBANG', 'KESAMBEN', NULL, '2026-01-22 02:45:38', '2026-01-22 02:45:38'),
(818, '131235170089', '70048592', 'MAS MUJAHIDIN', 'Madrasah Aliyah', 'swasta', 'DUSUN BANDUNG RT 002 RW 004', 'JAWA TIMUR', 'JOMBANG', 'DIWEK', NULL, '2026-01-22 02:45:38', '2026-01-22 02:45:38'),
(819, '131235170090', '70044191', 'MAS MU\'ALLIMIN AL HUDA', 'Madrasah Aliyah', 'swasta', 'DUSUN BOGEM RT 003 RW 009', 'JAWA TIMUR', 'JOMBANG', 'DIWEK', NULL, '2026-01-22 02:45:38', '2026-01-22 02:45:38');

-- --------------------------------------------------------

--
-- Table structure for table `pengawas_madrasah`
--

CREATE TABLE `pengawas_madrasah` (
  `id` int NOT NULL,
  `pengawas_id` int NOT NULL COMMENT 'ID user dengan role pengawas',
  `madrasah_id` int NOT NULL COMMENT 'ID madrasah yang diawasi',
  `tanggal_penugasan` date NOT NULL COMMENT 'Tanggal mulai penugasan',
  `status` enum('aktif','nonaktif') NOT NULL DEFAULT 'aktif' COMMENT 'Status penugasan',
  `keterangan` text COMMENT 'Catatan tambahan tentang penugasan',
  `created_at` timestamp NOT NULL DEFAULT CURRENT_TIMESTAMP,
  `updated_at` timestamp NOT NULL DEFAULT CURRENT_TIMESTAMP ON UPDATE CURRENT_TIMESTAMP
) ENGINE=InnoDB DEFAULT CHARSET=utf8mb4 COLLATE=utf8mb4_0900_ai_ci COMMENT='Tabel assignment pengawas ke madrasah';

--
-- Dumping data for table `pengawas_madrasah`
--

INSERT INTO `pengawas_madrasah` (`id`, `pengawas_id`, `madrasah_id`, `tanggal_penugasan`, `status`, `keterangan`, `created_at`, `updated_at`) VALUES
(15, 2, 1, '2026-01-22', 'aktif', '', '2026-01-22 02:11:24', '2026-01-22 02:11:24'),
(16, 2, 4, '2026-01-22', 'aktif', '', '2026-01-22 02:11:24', '2026-01-22 02:11:24'),
(17, 2, 3, '2026-01-22', 'aktif', '', '2026-01-22 02:11:24', '2026-01-22 02:11:24'),
(18, 2, 2, '2026-01-22', 'aktif', '', '2026-01-22 02:11:24', '2026-01-22 02:11:24'),
(20, 2, 302, '2026-01-01', 'aktif', 'Assignment awal tahun 2026', '2026-01-22 02:45:46', '2026-01-22 02:45:46'),
(21, 2, 600, '2026-01-01', 'aktif', 'Assignment awal tahun 2026', '2026-01-22 02:45:46', '2026-01-22 02:45:46'),
(23, 9, 815, '2026-01-24', 'aktif', '', '2026-01-23 07:19:22', '2026-01-23 07:19:22'),
(24, 9, 816, '2026-01-24', 'aktif', '', '2026-01-23 07:19:22', '2026-01-23 07:19:22'),
(25, 9, 722, '2026-01-24', 'aktif', '', '2026-01-23 07:19:22', '2026-01-23 07:19:22'),
(26, 9, 728, '2026-01-24', 'aktif', '', '2026-01-23 07:19:22', '2026-01-23 07:19:22'),
(27, 9, 723, '2026-01-24', 'aktif', '', '2026-01-23 07:19:22', '2026-01-23 07:19:22'),
(28, 11, 724, '2026-01-26', 'aktif', '', '2026-01-23 07:19:50', '2026-01-23 07:19:50'),
(29, 11, 725, '2026-01-26', 'aktif', '', '2026-01-23 07:19:50', '2026-01-23 07:19:50'),
(30, 11, 731, '2026-01-26', 'aktif', '', '2026-01-23 07:19:50', '2026-01-23 07:19:50'),
(31, 11, 730, '2026-01-26', 'aktif', '', '2026-01-23 07:19:50', '2026-01-23 07:19:50'),
(32, 11, 729, '2026-01-26', 'aktif', '', '2026-01-23 07:19:50', '2026-01-23 07:19:50'),
(33, 21, 813, '2026-01-27', 'aktif', '', '2026-01-23 07:20:24', '2026-01-23 07:20:24'),
(34, 21, 726, '2026-01-27', 'aktif', '', '2026-01-23 07:20:24', '2026-01-23 07:20:24'),
(35, 21, 727, '2026-01-27', 'aktif', '', '2026-01-23 07:20:24', '2026-01-23 07:20:24'),
(36, 21, 801, '2026-01-27', 'aktif', '', '2026-01-23 07:20:24', '2026-01-23 07:20:24'),
(37, 21, 744, '2026-01-27', 'aktif', '', '2026-01-23 07:20:24', '2026-01-23 07:20:24'),
(38, 9, 814, '2026-01-24', 'aktif', '', '2026-01-23 07:21:21', '2026-01-23 07:21:21'),
(39, 9, 796, '2026-01-24', 'aktif', '', '2026-01-23 07:21:21', '2026-01-23 07:21:21'),
(40, 5, 770, '2026-01-31', 'aktif', '', '2026-01-27 03:51:25', '2026-01-27 03:51:25'),
(41, 5, 798, '2026-01-31', 'aktif', '', '2026-01-27 03:51:25', '2026-01-27 03:51:25'),
(42, 5, 740, '2026-01-31', 'aktif', '', '2026-01-27 03:51:25', '2026-01-27 03:51:25'),
(43, 5, 751, '2026-01-31', 'aktif', '', '2026-01-27 03:51:25', '2026-01-27 03:51:25'),
(44, 27, 812, '2026-01-31', 'aktif', '', '2026-01-27 03:53:13', '2026-01-27 03:53:13'),
(45, 27, 739, '2026-01-31', 'aktif', '', '2026-01-27 03:53:13', '2026-01-27 03:53:13'),
(46, 27, 784, '2026-01-31', 'aktif', '', '2026-01-27 03:53:13', '2026-01-27 03:53:13'),
(47, 27, 781, '2026-01-31', 'aktif', '', '2026-01-27 03:53:13', '2026-01-27 03:53:13'),
(48, 27, 811, '2026-01-31', 'aktif', '', '2026-01-27 03:53:13', '2026-01-27 03:53:13'),
(49, 27, 789, '2026-01-31', 'aktif', '', '2026-01-27 03:53:13', '2026-01-27 03:53:13'),
(50, 27, 745, '2026-01-31', 'aktif', '', '2026-01-27 03:53:13', '2026-01-27 03:53:13'),
(51, 12, 788, '2026-01-28', 'aktif', '', '2026-01-28 02:35:08', '2026-01-28 02:35:08'),
(52, 12, 791, '2026-01-28', 'aktif', '', '2026-01-28 02:35:08', '2026-01-28 02:35:08'),
(53, 12, 808, '2026-01-28', 'aktif', '', '2026-01-28 02:35:08', '2026-01-28 02:35:08'),
(54, 12, 800, '2026-01-28', 'aktif', '', '2026-01-28 02:35:08', '2026-01-28 02:35:08'),
(55, 12, 797, '2026-01-28', 'aktif', '', '2026-01-28 02:35:08', '2026-01-28 02:35:08');

-- --------------------------------------------------------

--
-- Table structure for table `users`
--

CREATE TABLE `users` (
  `id` int NOT NULL,
  `nip` varchar(20) NOT NULL,
  `nama_lengkap` varchar(100) NOT NULL,
  `password` varchar(255) NOT NULL,
  `role` enum('admin','pimpinan','pengawas','pendamping') NOT NULL,
  `jabatan` varchar(100) DEFAULT NULL,
  `created_at` timestamp NOT NULL DEFAULT CURRENT_TIMESTAMP
) ENGINE=InnoDB DEFAULT CHARSET=utf8mb4 COLLATE=utf8mb4_0900_ai_ci;

--
-- Dumping data for table `users`
--

INSERT INTO `users` (`id`, `nip`, `nama_lengkap`, `password`, `role`, `jabatan`, `created_at`) VALUES
(1, 'admin', 'Administrator Sistem', '$2y$10$92IXUNpkjO0rOQ5byMi.Ye4oKoEa3Ro9llC/.og/at2.uheWG/igi', 'admin', 'IT Support', '2026-01-21 01:32:45'),
(2, '198001012005011001', 'H. Ahmad Fauzi, M.Pd.I', '$2y$10$92IXUNpkjO0rOQ5byMi.Ye4oKoEa3Ro9llC/.og/at2.uheWG/igi', 'pengawas', 'Pengawas Madrasah Aliyah', '2026-01-21 01:32:45'),
(3, '197512122000031002', 'Dr. Siti Aminah, M.Ag', '$2y$10$92IXUNpkjO0rOQ5byMi.Ye4oKoEa3Ro9llC/.og/at2.uheWG/igi', 'pimpinan', 'Kepala Seksi Pendma', '2026-01-21 01:32:45'),
(4, '20503502100008', 'HADI NUR RAKHMAD', '$2y$10$92IXUNpkjO0rOQ5byMi.Ye4oKoEa3Ro9llC/.og/at2.uheWG/igi', 'pengawas', 'Pengawas MI', '2026-01-21 02:15:38'),
(5, '91000065135161', 'PANCAHADI SISWASUSILA', '$2y$10$92IXUNpkjO0rOQ5byMi.Ye4oKoEa3Ro9llC/.og/at2.uheWG/igi', 'pengawas', 'Pengawas MTs', '2026-01-21 02:15:38'),
(6, '91000065136494', 'RAHMAD BUDIONO', '$2y$10$92IXUNpkjO0rOQ5byMi.Ye4oKoEa3Ro9llC/.og/at2.uheWG/igi', 'pengawas', 'Pengawas MI', '2026-01-21 02:15:38'),
(7, '91000065148842', 'SUNDOKO', '$2y$10$92IXUNpkjO0rOQ5byMi.Ye4oKoEa3Ro9llC/.og/at2.uheWG/igi', 'pengawas', 'Pengawas MTs', '2026-01-21 02:15:38'),
(8, '91000065148844', 'SUNDUSIN', '$2y$10$92IXUNpkjO0rOQ5byMi.Ye4oKoEa3Ro9llC/.og/at2.uheWG/igi', 'pengawas', 'Pengawas MA', '2026-01-21 02:15:38'),
(9, '91000066101840', 'AGUS PRAMUKANTORO S.Kom', '$2y$10$92IXUNpkjO0rOQ5byMi.Ye4oKoEa3Ro9llC/.og/at2.uheWG/igi', 'pengawas', 'Pengawas MTs', '2026-01-21 02:15:38'),
(10, '91000066127314', 'MOH. DIMYATI', '$2y$10$92IXUNpkjO0rOQ5byMi.Ye4oKoEa3Ro9llC/.og/at2.uheWG/igi', 'pengawas', 'Pengawas RA', '2026-01-21 02:15:38'),
(11, '91000067104168', 'ANANG SUBANDI', '$2y$10$92IXUNpkjO0rOQ5byMi.Ye4oKoEa3Ro9llC/.og/at2.uheWG/igi', 'pengawas', 'Pengawas MI', '2026-01-21 02:15:38'),
(12, '91000067113553', 'FATONI', '$2y$10$92IXUNpkjO0rOQ5byMi.Ye4oKoEa3Ro9llC/.og/at2.uheWG/igi', 'pengawas', 'Pengawas MA', '2026-01-21 02:15:38'),
(13, '91000067113930', 'FUAD MF', '$2y$10$92IXUNpkjO0rOQ5byMi.Ye4oKoEa3Ro9llC/.og/at2.uheWG/igi', 'pengawas', 'Pengawas MTs', '2026-01-21 02:15:38'),
(14, '91000067114634', 'HADI S.', '$2y$10$92IXUNpkjO0rOQ5byMi.Ye4oKoEa3Ro9llC/.og/at2.uheWG/igi', 'pengawas', 'Pengawas MI', '2026-01-21 02:15:38'),
(15, '91000067122607', 'KHOIROTUN NISAK', '$2y$10$92IXUNpkjO0rOQ5byMi.Ye4oKoEa3Ro9llC/.og/at2.uheWG/igi', 'pengawas', 'Pengawas MI', '2026-01-21 02:15:38'),
(16, '91000067129223', 'MOHAMMAD ALI SAID', '$2y$10$92IXUNpkjO0rOQ5byMi.Ye4oKoEa3Ro9llC/.og/at2.uheWG/igi', 'pengawas', 'Pengawas MA', '2026-01-21 02:15:38'),
(17, '91000067148467', 'SUHARDI', '$2y$10$92IXUNpkjO0rOQ5byMi.Ye4oKoEa3Ro9llC/.og/at2.uheWG/igi', 'pengawas', 'Pengawas RA', '2026-01-21 02:15:38'),
(18, '91000067152313', 'SUTRISNO', '$2y$10$92IXUNpkjO0rOQ5byMi.Ye4oKoEa3Ro9llC/.og/at2.uheWG/igi', 'pengawas', 'Pengawas MTs', '2026-01-21 02:15:38'),
(19, '91000067152416', 'SUWARDI', '$2y$10$92IXUNpkjO0rOQ5byMi.Ye4oKoEa3Ro9llC/.og/at2.uheWG/igi', 'pengawas', 'Pengawas RA', '2026-01-21 02:15:38'),
(20, '91000067155978', 'UMROH MAHFUDLOH S.Kom', '$2y$10$92IXUNpkjO0rOQ5byMi.Ye4oKoEa3Ro9llC/.og/at2.uheWG/igi', 'pengawas', 'Pengawas MA', '2026-01-21 02:15:38'),
(21, '91000068116280', 'HADI SISWANTO', '$2y$10$92IXUNpkjO0rOQ5byMi.Ye4oKoEa3Ro9llC/.og/at2.uheWG/igi', 'pengawas', 'Pengawas MI', '2026-01-21 02:15:38'),
(22, '91000068125158', 'KHUSNUL HAYATI', '$2y$10$92IXUNpkjO0rOQ5byMi.Ye4oKoEa3Ro9llC/.og/at2.uheWG/igi', 'pengawas', 'Pengawas RA', '2026-01-21 02:15:38'),
(23, '91000068145893', 'SAIFUL HADI', '$2y$10$92IXUNpkjO0rOQ5byMi.Ye4oKoEa3Ro9llC/.og/at2.uheWG/igi', 'pengawas', 'Pengawas RA', '2026-01-21 02:15:38'),
(24, '91000068149075', 'SITI MAHMUDAH', '$2y$10$92IXUNpkjO0rOQ5byMi.Ye4oKoEa3Ro9llC/.og/at2.uheWG/igi', 'pengawas', 'Pengawas RA', '2026-01-21 02:15:38'),
(25, '91000069103981', 'ALI HASYIM', '$2y$10$92IXUNpkjO0rOQ5byMi.Ye4oKoEa3Ro9llC/.og/at2.uheWG/igi', 'pengawas', 'Pengawas RA', '2026-01-21 02:15:38'),
(26, '91000069162294', 'TUMAJI', '$2y$10$92IXUNpkjO0rOQ5byMi.Ye4oKoEa3Ro9llC/.og/at2.uheWG/igi', 'pengawas', 'Pengawas MI', '2026-01-21 02:15:38'),
(27, '91000070109706', 'DARLIS', '$2y$10$92IXUNpkjO0rOQ5byMi.Ye4oKoEa3Ro9llC/.og/at2.uheWG/igi', 'pengawas', 'Pengawas MTs', '2026-01-21 02:15:38'),
(28, '91000070121160', 'INAYAH', '$2y$10$92IXUNpkjO0rOQ5byMi.Ye4oKoEa3Ro9llC/.og/at2.uheWG/igi', 'pengawas', 'Pengawas MI', '2026-01-21 02:15:38'),
(29, '1234567890', 'Pendamping Test', '$2y$10$siGyk2hXrcr.5gW9EFdWpeiBQmrTvMALZp6QK8obq/rpJ8FnoZpMO', 'pendamping', 'Pendamping Madrasah', '2026-01-28 02:15:24');

--
-- Indexes for dumped tables
--

--
-- Indexes for table `jenis_kegiatan`
--
ALTER TABLE `jenis_kegiatan`
  ADD PRIMARY KEY (`id`);

--
-- Indexes for table `kinerja`
--
ALTER TABLE `kinerja`
  ADD PRIMARY KEY (`id`),
  ADD KEY `user_id` (`user_id`),
  ADD KEY `jenis_kegiatan_id` (`jenis_kegiatan_id`),
  ADD KEY `madrasah_id` (`madrasah_id`);

--
-- Indexes for table `madrasah`
--
ALTER TABLE `madrasah`
  ADD PRIMARY KEY (`id`),
  ADD UNIQUE KEY `nsm` (`nsm`),
  ADD KEY `idx_npsn` (`npsn`),
  ADD KEY `idx_jenjang` (`jenjang`),
  ADD KEY `idx_kecamatan` (`kecamatan`),
  ADD KEY `idx_status` (`status`);

--
-- Indexes for table `pengawas_madrasah`
--
ALTER TABLE `pengawas_madrasah`
  ADD PRIMARY KEY (`id`),
  ADD UNIQUE KEY `unique_madrasah_aktif` (`madrasah_id`,`status`),
  ADD KEY `idx_pengawas` (`pengawas_id`),
  ADD KEY `idx_madrasah` (`madrasah_id`),
  ADD KEY `idx_status` (`status`);

--
-- Indexes for table `users`
--
ALTER TABLE `users`
  ADD PRIMARY KEY (`id`),
  ADD UNIQUE KEY `nip` (`nip`);

--
-- AUTO_INCREMENT for dumped tables
--

--
-- AUTO_INCREMENT for table `jenis_kegiatan`
--
ALTER TABLE `jenis_kegiatan`
  MODIFY `id` int NOT NULL AUTO_INCREMENT, AUTO_INCREMENT=9;

--
-- AUTO_INCREMENT for table `kinerja`
--
ALTER TABLE `kinerja`
  MODIFY `id` int NOT NULL AUTO_INCREMENT, AUTO_INCREMENT=16;

--
-- AUTO_INCREMENT for table `madrasah`
--
ALTER TABLE `madrasah`
  MODIFY `id` int NOT NULL AUTO_INCREMENT, AUTO_INCREMENT=820;

--
-- AUTO_INCREMENT for table `pengawas_madrasah`
--
ALTER TABLE `pengawas_madrasah`
  MODIFY `id` int NOT NULL AUTO_INCREMENT, AUTO_INCREMENT=56;

--
-- AUTO_INCREMENT for table `users`
--
ALTER TABLE `users`
  MODIFY `id` int NOT NULL AUTO_INCREMENT, AUTO_INCREMENT=30;

--
-- Constraints for dumped tables
--

--
-- Constraints for table `kinerja`
--
ALTER TABLE `kinerja`
  ADD CONSTRAINT `fk_kinerja_kegiatan` FOREIGN KEY (`jenis_kegiatan_id`) REFERENCES `jenis_kegiatan` (`id`) ON DELETE SET NULL,
  ADD CONSTRAINT `fk_kinerja_madrasah` FOREIGN KEY (`madrasah_id`) REFERENCES `madrasah` (`id`) ON DELETE SET NULL,
  ADD CONSTRAINT `fk_kinerja_user` FOREIGN KEY (`user_id`) REFERENCES `users` (`id`) ON DELETE CASCADE;

--
-- Constraints for table `pengawas_madrasah`
--
ALTER TABLE `pengawas_madrasah`
  ADD CONSTRAINT `fk_pm_madrasah` FOREIGN KEY (`madrasah_id`) REFERENCES `madrasah` (`id`) ON DELETE CASCADE,
  ADD CONSTRAINT `fk_pm_pengawas` FOREIGN KEY (`pengawas_id`) REFERENCES `users` (`id`) ON DELETE CASCADE;
COMMIT;

/*!40101 SET CHARACTER_SET_CLIENT=@OLD_CHARACTER_SET_CLIENT */;
/*!40101 SET CHARACTER_SET_RESULTS=@OLD_CHARACTER_SET_RESULTS */;
/*!40101 SET COLLATION_CONNECTION=@OLD_COLLATION_CONNECTION */;
